,account_length,international_plan,voice_mail_plan,number_vmail_messages,total_day_minutes,total_day_calls,total_day_charge,total_eve_minutes,total_eve_calls,total_eve_charge,total_night_minutes,total_night_calls,total_night_charge,total_intl_minutes,total_intl_calls,total_intl_charge,number_customer_service_calls,Churn
0,128.0,0.0,1.0,25.0,265.1,110.0,45.07,197.4,99.0,16.78,244.7,91.0,11.01,10.0,3.0,2.7,1.0,0
1,118.0,1.0,0.0,0.0,223.4,98.0,37.98,220.6,101.0,18.75,203.9,118.0,9.18,6.3,6.0,1.7,0.0,0
2,62.0,0.0,0.0,0.0,120.7,70.0,20.52,307.2,76.0,26.11,203.0,99.0,9.14,13.1,6.0,3.54,4.0,0
3,93.0,0.0,0.0,0.0,190.7,114.0,32.42,218.2,111.0,18.55,129.6,121.0,5.83,8.1,3.0,2.19,3.0,0
4,174.0,0.0,0.0,0.0,124.3,76.0,21.13,277.1,112.0,23.55,250.7,115.0,11.28,15.5,5.0,4.19,3.0,0
5,142.0,0.0,0.0,0.0,84.8,95.0,14.42,136.7,63.0,11.62,250.5,148.0,11.27,14.2,6.0,3.83,2.0,0
6,172.0,0.0,0.0,0.0,212.0,121.0,36.04,31.2,115.0,2.65,293.3,78.0,13.2,12.6,10.0,3.4,3.0,0
7,72.0,0.0,1.0,37.0,220.0,80.0,37.4,217.3,102.0,18.47,152.8,71.0,6.88,14.7,6.0,3.97,3.0,0
8,149.0,0.0,0.0,0.0,140.4,94.0,23.87,271.8,92.0,23.1,188.3,108.0,8.47,11.1,9.0,3.0,1.0,0
9,119.0,0.0,0.0,0.0,159.1,114.0,27.05,231.3,117.0,19.66,143.2,91.0,6.44,8.8,3.0,2.38,5.0,0
10,87.0,0.0,0.0,0.0,151.0,83.0,25.67,219.7,116.0,18.67,203.9,127.0,9.18,9.7,3.0,2.62,5.0,0
11,68.0,0.0,0.0,0.0,148.8,70.0,25.3,246.5,164.0,20.95,129.8,103.0,5.84,12.1,3.0,3.27,3.0,1
12,74.0,0.0,1.0,33.0,193.7,91.0,32.93,246.1,96.0,20.92,138.0,92.0,6.21,14.6,3.0,3.94,2.0,0
13,55.0,0.0,1.0,25.0,165.6,123.0,28.15,136.1,95.0,11.57,175.7,90.0,7.91,11.0,2.0,2.97,3.0,0
14,106.0,0.0,0.0,0.0,210.6,96.0,35.8,249.2,85.0,21.18,191.4,88.0,8.61,12.4,1.0,3.35,2.0,0
15,104.0,0.0,0.0,0.0,278.4,106.0,47.33,81.0,113.0,6.89,163.2,137.0,7.34,9.8,5.0,2.65,1.0,0
16,135.0,0.0,0.0,0.0,151.7,82.0,25.79,119.0,105.0,10.12,180.0,100.0,8.1,10.5,6.0,2.84,0.0,0
17,141.0,0.0,1.0,32.0,148.6,91.0,25.26,131.1,97.0,11.14,219.4,142.0,9.87,10.1,1.0,2.73,1.0,0
18,103.0,0.0,0.0,0.0,185.0,117.0,31.45,223.3,94.0,18.98,222.8,91.0,10.03,12.6,2.0,3.4,2.0,0
19,112.0,0.0,1.0,36.0,113.7,117.0,19.33,157.5,82.0,13.39,177.6,118.0,7.99,10.0,3.0,2.7,2.0,0
20,97.0,0.0,0.0,0.0,239.8,125.0,40.77,214.8,111.0,18.26,143.3,81.0,6.45,8.7,5.0,2.35,2.0,0
21,131.0,0.0,1.0,36.0,214.2,115.0,36.41,161.7,117.0,13.74,264.7,102.0,11.91,9.5,4.0,2.57,3.0,0
22,75.0,0.0,1.0,21.0,175.8,97.0,29.89,217.5,106.0,18.49,237.5,134.0,10.69,5.3,4.0,1.43,5.0,0
23,91.0,0.0,0.0,0.0,203.1,106.0,34.53,210.1,113.0,17.86,195.6,129.0,8.8,12.0,3.0,3.24,3.0,0
24,140.0,0.0,0.0,0.0,231.9,101.0,39.42,160.1,94.0,13.61,110.4,98.0,4.97,14.3,6.0,3.86,3.0,0
25,127.0,0.0,0.0,0.0,146.7,91.0,24.94,203.5,78.0,17.3,203.4,110.0,9.15,13.7,3.0,3.7,1.0,0
26,83.0,1.0,0.0,0.0,271.5,87.0,46.16,216.3,126.0,18.39,121.1,105.0,5.45,11.7,4.0,3.16,1.0,0
27,87.0,0.0,0.0,0.0,136.3,97.0,23.17,172.2,108.0,14.64,137.5,101.0,6.19,7.1,5.0,1.92,0.0,0
28,141.0,0.0,1.0,36.0,187.5,99.0,31.88,241.4,116.0,20.52,229.5,105.0,10.33,10.5,5.0,2.84,3.0,0
29,146.0,0.0,0.0,0.0,206.3,151.0,35.07,148.6,89.0,12.63,167.2,91.0,7.52,6.1,3.0,1.65,1.0,0
30,92.0,0.0,1.0,33.0,243.1,92.0,41.33,213.8,92.0,18.17,228.7,104.0,10.29,12.1,2.0,3.27,2.0,0
31,64.0,0.0,1.0,27.0,182.1,91.0,30.96,169.7,98.0,14.42,164.7,86.0,7.41,10.6,5.0,2.86,2.0,0
32,127.0,0.0,0.0,0.0,202.1,103.0,34.36,229.4,86.0,19.5,195.2,113.0,8.78,11.5,3.0,3.11,2.0,0
33,164.0,0.0,0.0,0.0,160.6,111.0,27.3,163.2,126.0,13.87,187.1,112.0,8.42,9.0,3.0,2.43,1.0,0
34,107.0,0.0,0.0,0.0,133.8,85.0,22.75,180.5,94.0,15.34,112.2,115.0,5.05,8.9,4.0,2.4,0.0,0
35,82.0,0.0,1.0,24.0,155.2,131.0,26.38,244.5,106.0,20.78,122.4,68.0,5.51,10.7,3.0,2.89,1.0,0
36,86.0,0.0,1.0,31.0,167.6,139.0,28.49,113.0,118.0,9.61,246.9,121.0,11.11,12.2,6.0,3.29,1.0,0
37,70.0,1.0,0.0,0.0,226.7,98.0,38.54,228.1,115.0,19.39,73.2,93.0,3.29,17.6,4.0,4.75,2.0,1
38,93.0,0.0,0.0,0.0,151.4,89.0,25.74,186.4,76.0,15.84,172.5,120.0,7.76,10.9,3.0,2.94,0.0,0
39,136.0,0.0,0.0,0.0,250.2,121.0,42.53,267.1,118.0,22.7,151.0,114.0,6.8,13.0,2.0,3.51,1.0,1
40,104.0,0.0,1.0,23.0,280.2,136.0,47.63,220.5,92.0,18.74,136.9,102.0,6.16,13.3,3.0,3.59,4.0,0
41,73.0,0.0,0.0,0.0,192.2,86.0,32.67,168.6,116.0,14.33,139.8,87.0,6.29,9.4,6.0,2.54,1.0,0
42,36.0,0.0,0.0,0.0,253.4,77.0,43.08,182.4,151.0,15.5,275.8,103.0,12.41,8.4,2.0,2.27,1.0,0
43,108.0,0.0,0.0,0.0,198.5,99.0,33.75,267.8,60.0,22.76,354.9,75.0,15.97,9.4,3.0,2.54,0.0,0
44,119.0,0.0,1.0,23.0,154.0,114.0,26.18,278.0,137.0,23.63,228.4,112.0,10.28,11.8,4.0,3.19,2.0,0
45,82.0,0.0,0.0,0.0,207.0,90.0,35.19,232.9,83.0,19.8,172.4,108.0,7.76,9.1,8.0,2.46,3.0,0
46,64.0,0.0,1.0,48.0,94.4,104.0,16.05,136.2,101.0,11.58,147.4,89.0,6.63,4.5,4.0,1.22,0.0,0
47,83.0,0.0,0.0,0.0,221.4,103.0,37.64,231.8,103.0,19.7,122.5,100.0,5.51,9.8,5.0,2.65,3.0,0
48,86.0,0.0,1.0,28.0,221.6,74.0,37.67,288.4,100.0,24.51,240.3,105.0,10.81,9.0,2.0,2.43,1.0,1
49,71.0,0.0,0.0,0.0,197.9,108.0,33.64,181.5,109.0,15.43,281.4,56.0,12.66,6.7,5.0,1.81,3.0,0
50,96.0,0.0,1.0,37.0,172.7,93.0,29.36,120.1,116.0,10.21,216.1,86.0,9.72,10.3,5.0,2.78,5.0,0
51,94.0,0.0,0.0,0.0,181.5,98.0,30.86,199.9,88.0,16.99,287.7,114.0,12.95,6.6,5.0,1.78,1.0,0
52,121.0,0.0,0.0,0.0,170.4,108.0,28.97,350.5,68.0,29.79,297.0,87.0,13.37,11.2,3.0,3.02,0.0,1
53,173.0,0.0,1.0,21.0,232.4,96.0,39.51,211.9,118.0,18.01,273.0,102.0,12.29,5.0,5.0,1.35,3.0,0
54,128.0,1.0,1.0,32.0,223.5,81.0,38.0,188.8,74.0,16.05,154.9,101.0,6.97,9.4,2.0,2.54,2.0,0
55,66.0,0.0,0.0,0.0,201.3,95.0,34.22,152.8,66.0,12.99,233.2,101.0,10.49,7.5,4.0,2.03,1.0,0
56,77.0,0.0,0.0,0.0,233.8,104.0,39.75,266.5,94.0,22.65,212.7,104.0,9.57,7.6,3.0,2.05,2.0,1
57,101.0,0.0,0.0,0.0,183.9,115.0,31.26,255.9,101.0,21.75,275.0,145.0,12.38,10.8,11.0,2.92,1.0,0
58,100.0,0.0,0.0,0.0,107.0,63.0,18.19,105.7,67.0,8.98,243.1,74.0,10.94,12.8,3.0,3.46,4.0,0
59,31.0,0.0,0.0,0.0,166.1,105.0,28.24,79.3,93.0,6.74,213.7,98.0,9.62,12.7,2.0,3.43,1.0,0
60,124.0,1.0,0.0,0.0,244.6,89.0,41.58,188.8,80.0,16.05,206.0,114.0,9.27,11.3,4.0,3.05,1.0,0
61,37.0,1.0,1.0,39.0,149.7,122.0,25.45,211.1,75.0,17.94,114.3,90.0,5.14,9.2,4.0,2.48,1.0,0
62,154.0,0.0,0.0,0.0,350.8,75.0,59.64,216.5,94.0,18.4,253.9,100.0,11.43,10.1,9.0,2.73,1.0,0
63,128.0,0.0,0.0,0.0,195.6,99.0,33.25,267.8,120.0,22.76,164.9,76.0,7.42,16.0,2.0,4.32,0.0,0
64,90.0,0.0,0.0,0.0,179.2,77.0,30.46,210.7,99.0,17.91,276.9,58.0,12.46,9.2,6.0,2.48,2.0,0
65,99.0,0.0,0.0,0.0,146.7,64.0,24.94,274.0,99.0,23.29,321.3,98.0,14.46,8.9,1.0,2.4,3.0,0
66,150.0,0.0,0.0,0.0,126.0,99.0,21.42,238.5,73.0,20.27,285.1,100.0,12.83,10.2,6.0,2.75,3.0,0
67,84.0,0.0,0.0,0.0,138.6,102.0,23.56,199.0,93.0,16.92,204.1,137.0,9.18,7.8,4.0,2.11,0.0,0
68,94.0,0.0,0.0,0.0,234.4,103.0,39.85,279.3,109.0,23.74,234.2,121.0,10.54,2.0,2.0,0.54,1.0,1
69,98.0,0.0,1.0,31.0,121.0,105.0,20.57,218.9,98.0,18.61,226.7,110.0,10.2,12.0,1.0,3.24,1.0,0
70,73.0,0.0,0.0,0.0,183.4,80.0,31.18,242.0,115.0,20.57,201.4,100.0,9.06,7.5,3.0,2.03,4.0,0
71,126.0,0.0,0.0,0.0,256.5,112.0,43.61,199.5,90.0,16.96,188.3,122.0,8.47,7.0,5.0,1.89,3.0,0
72,113.0,0.0,0.0,0.0,239.7,47.0,40.75,282.9,110.0,24.05,238.4,88.0,10.73,8.7,3.0,2.35,2.0,1
73,155.0,0.0,0.0,0.0,190.3,123.0,32.35,301.3,96.0,25.61,214.6,134.0,9.66,8.0,3.0,2.16,1.0,0
74,59.0,0.0,1.0,29.0,133.1,114.0,22.63,221.2,82.0,18.8,131.6,103.0,5.92,6.8,3.0,1.84,1.0,0
75,70.0,0.0,0.0,0.0,59.5,103.0,10.12,257.2,106.0,21.86,208.3,86.0,9.37,11.1,6.0,3.0,0.0,0
76,75.0,0.0,0.0,0.0,117.3,114.0,19.94,201.1,61.0,17.09,107.9,82.0,4.86,12.2,3.0,3.29,1.0,0
77,11.0,0.0,1.0,28.0,190.6,86.0,32.4,220.1,122.0,18.71,180.3,80.0,8.11,6.0,3.0,1.62,3.0,1
78,105.0,0.0,1.0,23.0,193.5,85.0,32.9,220.2,90.0,18.72,272.4,111.0,12.26,8.5,5.0,2.3,0.0,0
79,112.0,0.0,0.0,0.0,170.4,103.0,28.97,200.2,71.0,17.02,258.3,100.0,11.62,11.6,4.0,3.13,1.0,0
80,86.0,0.0,1.0,32.0,70.9,163.0,12.05,166.7,121.0,14.17,244.9,105.0,11.02,11.1,5.0,3.0,3.0,0
81,74.0,0.0,0.0,0.0,148.5,111.0,25.25,146.5,42.0,12.45,289.2,83.0,13.01,9.9,6.0,2.67,3.0,0
82,50.0,0.0,0.0,0.0,258.1,106.0,43.88,161.4,106.0,13.72,225.1,110.0,10.13,11.7,5.0,3.16,1.0,0
83,78.0,0.0,0.0,0.0,208.9,119.0,35.51,252.4,132.0,21.45,280.2,120.0,12.61,12.8,7.0,3.46,0.0,0
84,93.0,0.0,1.0,36.0,178.7,134.0,30.38,178.6,102.0,15.18,126.8,82.0,5.71,8.0,4.0,2.16,2.0,0
85,144.0,0.0,0.0,0.0,177.5,93.0,30.18,287.4,75.0,24.43,180.5,118.0,8.12,11.9,3.0,3.21,2.0,0
86,95.0,0.0,0.0,0.0,175.2,91.0,29.78,244.4,109.0,20.77,75.8,95.0,3.41,7.5,2.0,2.03,1.0,0
87,124.0,0.0,1.0,28.0,251.4,104.0,42.74,225.1,89.0,19.13,251.9,121.0,11.34,7.5,5.0,2.03,1.0,0
88,148.0,0.0,1.0,14.0,93.6,137.0,15.91,193.8,72.0,16.47,144.9,84.0,6.52,17.5,5.0,4.73,1.0,0
89,176.0,0.0,0.0,0.0,47.4,125.0,8.06,167.8,90.0,14.26,163.1,107.0,7.34,10.5,8.0,2.84,2.0,0
90,47.0,0.0,1.0,37.0,163.5,77.0,27.8,203.1,102.0,17.26,232.0,87.0,10.44,7.8,4.0,2.11,2.0,0
91,67.0,0.0,0.0,0.0,310.4,97.0,52.77,66.5,123.0,5.65,246.5,99.0,11.09,9.2,10.0,2.48,4.0,1
92,128.0,0.0,1.0,40.0,171.2,88.0,29.1,145.7,109.0,12.38,196.8,93.0,8.86,14.0,6.0,3.78,1.0,0
93,111.0,0.0,0.0,0.0,172.8,58.0,29.38,183.1,108.0,15.56,158.8,104.0,7.15,7.9,3.0,2.13,4.0,0
94,157.0,0.0,0.0,0.0,224.5,111.0,38.17,200.7,99.0,17.06,116.6,118.0,5.25,11.5,2.0,3.11,2.0,0
95,61.0,1.0,0.0,0.0,78.2,103.0,13.29,195.9,149.0,16.65,108.0,100.0,4.86,10.1,6.0,2.73,2.0,0
96,65.0,0.0,0.0,0.0,148.7,80.0,25.28,259.0,94.0,22.02,149.5,107.0,6.73,12.7,6.0,3.43,2.0,0
97,123.0,0.0,0.0,0.0,159.5,77.0,27.12,303.8,92.0,25.82,226.9,120.0,10.21,12.0,4.0,3.24,0.0,0
98,53.0,0.0,1.0,18.0,146.8,107.0,24.96,310.0,84.0,26.35,178.7,130.0,8.04,7.2,7.0,1.94,0.0,0
99,133.0,1.0,1.0,32.0,221.1,137.0,37.59,264.9,99.0,22.52,168.9,108.0,7.6,15.4,4.0,4.16,2.0,1
100,92.0,0.0,0.0,0.0,201.9,74.0,34.32,226.8,119.0,19.28,217.5,80.0,9.79,13.7,6.0,3.7,3.0,0
101,109.0,0.0,0.0,0.0,218.9,105.0,37.21,299.9,87.0,25.49,158.6,110.0,7.14,11.3,4.0,3.05,2.0,0
102,87.0,0.0,1.0,28.0,151.4,95.0,25.74,152.4,97.0,12.95,250.1,109.0,11.25,0.0,0.0,0.0,1.0,0
103,84.0,0.0,0.0,0.0,159.0,80.0,27.03,167.9,128.0,14.27,167.6,101.0,7.54,12.3,5.0,3.32,1.0,0
104,62.0,1.0,0.0,0.0,159.7,86.0,27.15,197.5,76.0,16.79,121.6,105.0,5.47,13.9,6.0,3.75,0.0,1
105,111.0,0.0,0.0,0.0,146.2,55.0,24.85,261.5,83.0,22.23,163.2,116.0,7.34,8.7,3.0,2.35,3.0,0
106,91.0,0.0,0.0,0.0,231.8,120.0,39.41,150.6,106.0,12.8,269.2,129.0,12.11,11.6,7.0,3.13,3.0,0
107,126.0,0.0,0.0,0.0,122.4,88.0,20.81,143.8,111.0,12.22,157.0,106.0,7.07,11.5,3.0,3.11,1.0,0
108,76.0,0.0,0.0,0.0,299.5,125.0,50.92,226.7,92.0,19.27,210.7,134.0,9.48,13.7,4.0,3.7,0.0,0
109,153.0,0.0,1.0,28.0,235.6,74.0,40.05,227.9,37.0,19.37,170.3,103.0,7.66,15.4,9.0,4.16,0.0,0
110,54.0,0.0,1.0,39.0,206.9,143.0,35.17,127.8,72.0,10.86,199.2,120.0,8.96,9.2,1.0,2.48,3.0,0
111,63.0,0.0,0.0,0.0,211.2,80.0,35.9,237.7,93.0,20.2,259.2,58.0,11.66,12.3,2.0,3.32,0.0,0
112,27.0,0.0,0.0,0.0,193.8,102.0,32.95,118.9,104.0,10.11,135.9,124.0,6.12,9.2,3.0,2.48,0.0,0
113,3.0,0.0,1.0,36.0,118.1,117.0,20.08,221.5,125.0,18.83,103.9,89.0,4.68,11.9,6.0,3.21,2.0,0
114,42.0,0.0,0.0,0.0,241.2,134.0,41.0,116.5,114.0,9.9,152.2,91.0,6.85,10.6,4.0,2.86,0.0,0
115,13.0,0.0,1.0,21.0,315.6,105.0,53.65,208.9,71.0,17.76,260.1,123.0,11.7,12.1,3.0,3.27,3.0,0
116,88.0,0.0,0.0,0.0,189.8,111.0,32.27,197.3,101.0,16.77,234.5,111.0,10.55,14.9,3.0,4.02,2.0,0
117,99.0,0.0,0.0,0.0,62.9,81.0,10.69,231.0,64.0,19.64,168.9,121.0,7.6,8.5,5.0,2.3,1.0,0
118,129.0,0.0,0.0,0.0,143.7,114.0,24.43,297.8,98.0,25.31,212.6,86.0,9.57,11.4,8.0,3.08,4.0,0
119,78.0,0.0,0.0,0.0,137.4,109.0,23.36,237.6,49.0,20.2,206.7,136.0,9.3,14.0,11.0,3.78,3.0,0
120,85.0,0.0,1.0,37.0,229.6,123.0,39.03,132.3,90.0,11.25,211.9,76.0,9.54,9.5,8.0,2.57,2.0,0
121,68.0,0.0,0.0,0.0,162.1,86.0,27.56,155.0,86.0,13.18,189.7,87.0,8.54,11.0,9.0,2.97,5.0,0
122,68.0,0.0,0.0,0.0,159.5,123.0,27.12,240.8,93.0,20.47,210.3,76.0,9.46,11.4,3.0,3.08,1.0,0
123,78.0,0.0,0.0,0.0,191.7,122.0,32.59,241.4,88.0,20.52,203.5,86.0,9.16,9.1,5.0,2.46,1.0,0
124,87.0,1.0,0.0,0.0,167.3,119.0,28.44,198.5,119.0,16.87,133.1,88.0,5.99,11.0,6.0,2.97,1.0,0
125,69.0,0.0,0.0,0.0,167.5,76.0,28.48,242.1,92.0,20.58,101.2,103.0,4.55,11.4,4.0,3.08,2.0,0
126,113.0,0.0,0.0,0.0,187.6,97.0,31.89,208.2,118.0,17.7,158.9,101.0,7.15,8.7,6.0,2.35,2.0,0
127,80.0,0.0,0.0,0.0,161.1,99.0,27.39,198.8,81.0,16.9,228.4,116.0,10.28,10.6,4.0,2.86,1.0,0
128,107.0,1.0,0.0,0.0,273.5,104.0,46.5,183.8,68.0,15.62,153.8,67.0,6.92,11.0,9.0,2.97,2.0,0
129,85.0,0.0,0.0,0.0,209.8,82.0,35.67,194.5,94.0,16.53,200.4,85.0,9.02,11.3,3.0,3.05,0.0,0
130,45.0,0.0,0.0,0.0,112.8,108.0,19.18,218.8,120.0,18.6,240.2,106.0,10.81,9.0,3.0,2.43,2.0,0
131,137.0,0.0,0.0,0.0,174.4,120.0,29.65,156.3,98.0,13.29,136.5,121.0,6.14,10.2,5.0,2.75,0.0,0
132,61.0,1.0,1.0,16.0,143.5,76.0,24.4,242.6,58.0,20.62,147.7,95.0,6.65,11.3,3.0,3.05,0.0,0
133,134.0,0.0,0.0,0.0,178.0,110.0,30.26,153.8,64.0,13.07,236.6,105.0,10.65,11.7,4.0,3.16,1.0,0
134,147.0,0.0,0.0,0.0,209.4,104.0,35.6,132.5,78.0,11.26,149.4,123.0,6.72,11.3,3.0,3.05,2.0,0
135,138.0,1.0,0.0,0.0,169.3,82.0,28.78,217.9,147.0,18.52,184.2,77.0,8.29,9.4,9.0,2.54,1.0,0
136,88.0,0.0,1.0,17.0,219.5,78.0,37.32,222.1,94.0,18.88,188.3,92.0,8.47,16.1,5.0,4.35,1.0,0
137,144.0,0.0,1.0,51.0,283.9,98.0,48.26,192.0,109.0,16.32,196.3,85.0,8.83,10.0,4.0,2.7,1.0,0
138,120.0,0.0,1.0,24.0,212.7,73.0,36.16,257.5,103.0,21.89,227.8,119.0,10.25,9.7,13.0,2.62,2.0,0
139,123.0,0.0,0.0,0.0,105.0,150.0,17.85,251.6,90.0,21.39,258.0,93.0,11.61,14.9,5.0,4.02,0.0,0
140,98.0,0.0,0.0,0.0,271.4,119.0,46.14,190.4,102.0,16.18,284.7,118.0,12.81,11.1,6.0,3.0,4.0,0
141,103.0,0.0,0.0,0.0,204.9,107.0,34.83,135.2,102.0,11.49,208.2,106.0,9.37,10.4,3.0,2.81,5.0,0
142,132.0,0.0,1.0,15.0,154.6,128.0,26.28,245.6,106.0,20.88,148.6,90.0,6.69,9.1,4.0,2.46,1.0,0
143,86.0,0.0,0.0,0.0,124.1,82.0,21.1,202.6,120.0,17.22,289.6,119.0,13.03,6.7,8.0,1.81,3.0,0
144,104.0,0.0,0.0,0.0,182.9,113.0,31.09,239.6,85.0,20.37,229.8,104.0,10.34,5.5,4.0,1.49,2.0,0
145,106.0,0.0,0.0,0.0,165.3,118.0,28.1,210.0,101.0,17.85,187.2,93.0,8.42,8.5,3.0,2.3,2.0,0
146,125.0,0.0,0.0,0.0,140.1,132.0,23.82,209.6,126.0,17.82,264.1,77.0,11.88,8.0,2.0,2.16,1.0,0
147,72.0,1.0,1.0,29.0,139.8,114.0,23.77,138.2,91.0,11.75,221.0,88.0,9.95,5.5,6.0,1.49,0.0,0
148,73.0,0.0,0.0,0.0,213.0,95.0,36.21,188.8,104.0,16.05,136.2,89.0,6.13,13.5,3.0,3.65,0.0,0
149,118.0,0.0,0.0,0.0,267.8,145.0,45.53,316.4,121.0,26.89,208.6,91.0,9.39,14.4,11.0,3.89,5.0,1
150,105.0,0.0,0.0,0.0,102.8,74.0,17.48,281.7,125.0,23.94,228.1,113.0,10.26,13.2,5.0,3.56,2.0,0
151,80.0,0.0,0.0,0.0,239.9,121.0,40.78,142.3,51.0,12.1,364.3,106.0,16.39,9.3,5.0,2.51,1.0,0
152,205.0,0.0,1.0,24.0,175.8,139.0,29.89,155.0,98.0,13.18,180.7,64.0,8.13,7.8,5.0,2.11,2.0,0
153,74.0,0.0,0.0,0.0,136.7,106.0,23.24,228.6,105.0,19.43,265.3,114.0,11.94,9.8,4.0,2.65,0.0,1
154,76.0,0.0,0.0,0.0,224.4,121.0,38.15,147.9,97.0,12.57,183.8,74.0,8.27,6.7,2.0,1.81,2.0,0
155,108.0,0.0,0.0,0.0,103.0,129.0,17.51,242.3,103.0,20.6,170.2,89.0,7.66,7.9,3.0,2.13,1.0,0
156,77.0,0.0,1.0,23.0,209.7,73.0,35.65,183.6,63.0,15.61,205.5,111.0,9.25,7.1,3.0,1.92,2.0,0
157,9.0,0.0,1.0,31.0,193.8,130.0,32.95,202.6,98.0,17.22,191.2,102.0,8.6,13.3,2.0,3.59,1.0,0
158,138.0,0.0,0.0,0.0,171.4,117.0,29.14,115.2,128.0,9.79,224.5,115.0,10.1,17.0,4.0,4.59,3.0,0
159,38.0,0.0,1.0,31.0,197.2,118.0,33.52,249.9,70.0,21.24,298.9,104.0,13.45,3.9,2.0,1.05,0.0,0
160,147.0,0.0,1.0,33.0,251.5,107.0,42.76,234.1,110.0,19.9,213.4,87.0,9.6,10.4,6.0,2.81,3.0,0
161,133.0,0.0,0.0,0.0,277.3,138.0,47.14,228.4,117.0,19.41,117.3,103.0,5.28,12.8,4.0,3.46,2.0,0
162,12.0,1.0,0.0,0.0,216.7,117.0,36.84,116.5,126.0,9.9,220.0,110.0,9.9,9.8,4.0,2.65,2.0,0
163,11.0,0.0,0.0,0.0,143.4,130.0,24.38,289.4,50.0,24.6,194.0,100.0,8.73,9.7,6.0,2.62,2.0,0
164,154.0,0.0,0.0,0.0,166.9,99.0,28.37,154.9,97.0,13.17,189.4,89.0,8.52,7.2,5.0,1.94,0.0,0
165,116.0,0.0,0.0,0.0,201.8,82.0,34.31,231.5,95.0,19.68,226.1,130.0,10.17,16.5,5.0,4.46,0.0,0
166,87.0,0.0,0.0,0.0,234.8,85.0,39.92,140.9,91.0,11.98,204.3,93.0,9.19,9.5,5.0,2.57,1.0,0
167,70.0,0.0,0.0,0.0,198.6,111.0,33.76,213.9,115.0,18.18,171.2,105.0,7.7,10.6,6.0,2.86,2.0,0
168,98.0,1.0,0.0,0.0,12.5,67.0,2.13,256.6,90.0,21.81,169.4,88.0,7.62,7.7,9.0,2.08,1.0,0
169,161.0,0.0,0.0,0.0,178.1,109.0,30.28,146.5,86.0,12.45,137.6,78.0,6.19,8.5,2.0,2.3,1.0,0
170,92.0,0.0,0.0,0.0,208.0,125.0,35.36,198.9,76.0,16.91,76.4,97.0,3.44,8.6,6.0,2.32,0.0,0
171,132.0,0.0,1.0,31.0,174.5,101.0,29.67,245.6,105.0,20.88,172.8,76.0,7.78,10.3,9.0,2.78,1.0,0
172,185.0,1.0,1.0,30.0,154.1,114.0,26.2,118.7,106.0,10.09,258.4,105.0,11.63,12.9,3.0,3.48,2.0,0
173,124.0,0.0,0.0,0.0,167.4,119.0,28.46,233.2,143.0,19.82,109.6,115.0,4.93,10.3,5.0,2.78,0.0,0
174,75.0,0.0,0.0,0.0,143.2,92.0,24.34,209.1,142.0,17.77,173.0,96.0,7.79,11.9,9.0,3.21,1.0,0
175,44.0,0.0,0.0,0.0,143.2,77.0,24.34,169.8,114.0,14.43,215.8,77.0,9.71,7.6,4.0,2.05,1.0,0
176,108.0,0.0,0.0,0.0,154.2,123.0,26.21,112.3,86.0,9.55,246.4,75.0,11.09,15.4,4.0,4.16,4.0,0
177,131.0,0.0,0.0,0.0,153.4,86.0,26.08,198.5,81.0,16.87,164.4,83.0,7.4,10.4,3.0,2.81,0.0,0
178,210.0,0.0,0.0,0.0,104.6,121.0,17.78,149.5,71.0,12.71,255.1,67.0,11.48,6.5,8.0,1.76,2.0,0
179,111.0,0.0,0.0,0.0,142.3,75.0,24.19,122.8,106.0,10.44,229.5,94.0,10.33,12.8,9.0,3.46,2.0,0
180,114.0,1.0,1.0,31.0,174.5,104.0,29.67,224.2,92.0,19.06,116.3,91.0,5.23,12.3,10.0,3.32,2.0,0
181,100.0,0.0,1.0,25.0,246.6,94.0,41.92,141.4,112.0,12.02,189.8,109.0,8.54,13.0,5.0,3.51,1.0,0
182,105.0,0.0,0.0,0.0,206.2,84.0,35.05,256.4,138.0,21.79,117.1,91.0,5.27,9.0,3.0,2.43,1.0,0
183,105.0,0.0,0.0,0.0,106.4,71.0,18.09,240.1,83.0,20.41,147.7,114.0,6.65,5.3,4.0,1.43,6.0,0
184,31.0,0.0,0.0,0.0,177.3,129.0,30.14,152.8,105.0,12.99,162.9,92.0,7.33,5.1,2.0,1.38,0.0,0
185,37.0,1.0,0.0,0.0,106.6,76.0,18.12,147.4,89.0,12.53,235.8,113.0,10.61,9.6,8.0,2.59,2.0,0
186,132.0,0.0,0.0,0.0,193.3,106.0,32.86,128.3,94.0,10.91,162.1,119.0,7.29,11.6,4.0,3.13,5.0,0
187,16.0,0.0,0.0,0.0,209.5,89.0,35.62,172.8,85.0,14.69,94.1,102.0,4.23,8.8,4.0,2.38,1.0,0
188,157.0,0.0,1.0,30.0,194.3,107.0,33.03,243.2,108.0,20.67,322.2,114.0,14.5,7.1,5.0,1.92,1.0,1
189,72.0,0.0,0.0,0.0,118.2,106.0,20.09,167.2,136.0,14.21,214.2,106.0,9.64,12.2,3.0,3.29,3.0,0
190,143.0,0.0,0.0,0.0,155.5,101.0,26.44,213.4,89.0,18.14,237.9,61.0,10.71,7.6,11.0,2.05,1.0,0
191,109.0,0.0,0.0,0.0,222.2,113.0,37.77,218.5,122.0,18.57,266.0,88.0,11.97,10.9,5.0,2.94,1.0,0
192,101.0,0.0,1.0,23.0,262.2,101.0,44.57,157.0,80.0,13.35,129.1,100.0,5.81,7.3,14.0,1.97,1.0,0
193,48.0,0.0,0.0,0.0,188.4,63.0,32.03,165.9,89.0,14.1,205.7,71.0,9.26,13.2,2.0,3.56,1.0,0
194,75.0,0.0,1.0,26.0,118.5,86.0,20.15,213.9,118.0,18.18,132.6,99.0,5.97,13.4,3.0,3.62,2.0,0
195,88.0,0.0,1.0,31.0,181.6,91.0,30.87,213.2,120.0,18.12,207.8,104.0,9.35,11.4,4.0,3.08,1.0,0
196,105.0,0.0,0.0,0.0,270.9,98.0,46.05,226.2,110.0,19.23,178.8,60.0,8.05,8.8,5.0,2.38,0.0,1
197,116.0,0.0,1.0,35.0,182.8,122.0,31.08,212.7,119.0,18.08,193.8,103.0,8.72,11.0,2.0,2.97,1.0,0
198,87.0,0.0,0.0,0.0,169.1,105.0,28.75,169.9,102.0,14.44,244.9,106.0,11.02,9.9,10.0,2.67,3.0,0
199,85.0,1.0,0.0,0.0,197.2,97.0,33.52,211.7,115.0,17.99,210.1,133.0,9.45,8.3,4.0,2.24,4.0,0
200,55.0,0.0,1.0,45.0,130.5,114.0,22.19,208.4,94.0,17.71,141.6,114.0,6.37,11.0,5.0,2.97,4.0,0
201,109.0,0.0,1.0,46.0,217.5,123.0,36.98,233.7,84.0,19.86,163.9,99.0,7.38,9.0,3.0,2.43,4.0,0
202,49.0,0.0,0.0,0.0,266.3,90.0,45.27,207.8,117.0,17.66,205.0,98.0,9.23,14.0,2.0,3.78,2.0,0
203,17.0,0.0,1.0,31.0,153.1,115.0,26.03,185.9,59.0,15.8,224.3,102.0,10.09,10.0,1.0,2.7,6.0,0
204,130.0,0.0,0.0,0.0,211.2,119.0,35.9,231.1,120.0,19.64,220.9,80.0,9.94,6.3,9.0,1.7,2.0,0
205,137.0,0.0,0.0,0.0,141.1,91.0,23.99,147.2,100.0,12.51,254.7,75.0,11.46,8.0,7.0,2.16,2.0,0
206,52.0,0.0,1.0,24.0,170.9,71.0,29.05,201.4,80.0,17.12,159.0,124.0,7.15,4.1,5.0,1.11,2.0,0
207,118.0,0.0,0.0,0.0,136.1,120.0,23.14,204.2,103.0,17.36,228.2,90.0,10.27,11.3,4.0,3.05,1.0,0
208,131.0,0.0,1.0,34.0,156.6,134.0,26.62,71.0,95.0,6.04,261.7,120.0,11.78,13.4,10.0,3.62,1.0,0
209,125.0,0.0,1.0,39.0,236.1,107.0,40.14,289.2,110.0,24.58,175.4,107.0,7.89,9.1,4.0,2.46,2.0,0
210,113.0,0.0,0.0,0.0,81.3,116.0,13.82,220.6,124.0,18.75,235.7,113.0,10.61,8.9,3.0,2.4,0.0,0
211,212.0,0.0,0.0,0.0,126.0,96.0,21.42,144.3,80.0,12.27,302.8,102.0,13.63,7.6,3.0,2.05,1.0,0
212,99.0,1.0,0.0,0.0,197.2,127.0,33.52,156.0,92.0,13.26,204.1,99.0,9.18,9.9,6.0,2.67,4.0,0
213,86.0,0.0,1.0,29.0,157.2,118.0,26.72,196.3,136.0,16.69,226.7,109.0,10.2,8.4,5.0,2.27,3.0,0
214,112.0,0.0,0.0,0.0,167.8,88.0,28.53,247.9,81.0,21.07,155.1,108.0,6.98,11.9,4.0,3.21,0.0,0
215,1.0,0.0,1.0,30.0,183.1,95.0,31.13,232.6,110.0,19.77,248.3,110.0,11.17,8.4,2.0,2.27,0.0,1
216,27.0,0.0,0.0,0.0,177.6,121.0,30.19,296.8,92.0,25.23,192.9,106.0,8.68,7.6,3.0,2.05,3.0,0
217,63.0,0.0,0.0,0.0,164.5,75.0,27.97,147.9,118.0,12.57,252.7,97.0,11.37,11.2,2.0,3.02,0.0,0
218,47.0,0.0,1.0,37.0,112.8,150.0,19.18,243.9,97.0,20.73,178.7,112.0,8.04,13.2,6.0,3.56,2.0,0
219,89.0,1.0,1.0,19.0,112.6,114.0,19.14,261.7,132.0,22.24,123.5,116.0,5.56,11.1,2.0,3.0,0.0,0
220,126.0,1.0,1.0,34.0,244.9,118.0,41.63,219.6,105.0,18.67,210.8,136.0,9.49,9.7,6.0,2.62,4.0,0
221,102.0,0.0,0.0,0.0,195.7,116.0,33.27,209.1,87.0,17.77,201.1,73.0,9.05,8.3,3.0,2.24,1.0,0
222,113.0,1.0,0.0,0.0,204.3,82.0,34.73,188.8,115.0,16.05,139.4,97.0,6.27,9.2,7.0,2.48,1.0,0
223,101.0,0.0,1.0,33.0,219.7,137.0,37.35,186.8,94.0,15.88,184.5,113.0,8.3,9.5,2.0,2.57,2.0,0
224,106.0,0.0,1.0,33.0,81.6,120.0,13.87,235.6,85.0,20.03,150.9,113.0,6.79,9.9,4.0,2.67,1.0,0
225,69.0,0.0,0.0,0.0,183.4,85.0,31.18,237.6,100.0,20.2,228.0,94.0,10.26,9.0,5.0,2.43,3.0,0
226,83.0,0.0,0.0,0.0,132.4,120.0,22.51,121.6,101.0,10.34,197.7,84.0,8.9,8.6,2.0,2.32,1.0,0
227,67.0,1.0,1.0,35.0,181.1,59.0,30.79,215.9,116.0,18.35,216.3,106.0,9.73,16.9,4.0,4.56,0.0,1
228,75.0,0.0,1.0,27.0,117.5,102.0,19.98,206.8,127.0,17.58,194.4,114.0,8.75,4.2,7.0,1.13,3.0,1
229,75.0,0.0,0.0,0.0,150.6,99.0,25.6,301.5,83.0,25.63,158.7,104.0,7.14,8.1,5.0,2.19,0.0,0
230,78.0,0.0,0.0,0.0,87.0,102.0,14.79,193.6,64.0,16.46,205.8,120.0,9.26,11.0,5.0,2.97,0.0,0
231,189.0,0.0,0.0,0.0,227.4,84.0,38.66,176.0,81.0,14.96,206.1,120.0,9.27,6.3,4.0,1.7,2.0,0
232,126.0,0.0,1.0,30.0,153.4,90.0,26.08,151.4,97.0,12.87,153.8,97.0,6.92,12.8,4.0,3.46,4.0,0
233,50.0,0.0,0.0,0.0,154.7,102.0,26.3,298.0,108.0,25.33,210.2,95.0,9.46,11.1,3.0,3.0,0.0,0
234,57.0,1.0,1.0,17.0,236.5,94.0,40.21,163.1,94.0,13.86,236.7,117.0,10.65,12.2,3.0,3.29,2.0,0
235,163.0,0.0,0.0,0.0,223.0,120.0,37.91,227.0,98.0,19.3,188.3,125.0,8.47,8.8,5.0,2.38,1.0,0
236,174.0,0.0,0.0,0.0,139.4,96.0,23.7,143.4,108.0,12.19,225.2,107.0,10.13,10.0,5.0,2.7,2.0,0
237,68.0,0.0,0.0,0.0,213.9,112.0,36.36,260.5,100.0,22.14,233.8,97.0,10.52,8.4,3.0,2.27,1.0,0
238,93.0,0.0,1.0,19.0,136.8,113.0,23.26,179.5,105.0,15.26,71.1,95.0,3.2,12.5,3.0,3.38,2.0,0
239,155.0,0.0,1.0,23.0,243.9,112.0,41.46,133.0,106.0,11.31,213.7,123.0,9.62,13.4,11.0,3.62,2.0,0
240,136.0,0.0,0.0,0.0,259.4,99.0,44.1,172.7,125.0,14.68,293.7,78.0,13.22,10.7,6.0,2.89,1.0,0
241,118.0,1.0,1.0,21.0,156.5,122.0,26.61,209.2,125.0,17.78,158.7,81.0,7.14,11.1,3.0,3.0,4.0,0
242,117.0,0.0,0.0,0.0,102.3,100.0,17.39,135.2,104.0,11.49,199.7,93.0,8.99,15.7,10.0,4.24,3.0,0
243,48.0,0.0,1.0,36.0,230.9,92.0,39.25,167.6,121.0,14.25,270.0,87.0,12.15,7.6,4.0,2.05,3.0,0
244,107.0,0.0,1.0,38.0,219.4,92.0,37.3,180.5,73.0,15.34,104.1,91.0,4.68,11.0,1.0,2.97,2.0,0
245,56.0,0.0,0.0,0.0,137.2,111.0,23.32,165.9,119.0,14.1,182.3,72.0,8.2,14.3,4.0,3.86,1.0,0
246,159.0,0.0,0.0,0.0,87.7,103.0,14.91,278.2,97.0,23.65,170.6,93.0,7.68,10.5,10.0,2.84,1.0,0
247,78.0,0.0,1.0,25.0,197.4,73.0,33.56,295.7,113.0,25.13,211.7,73.0,9.53,13.2,2.0,3.56,0.0,0
248,75.0,0.0,1.0,39.0,198.2,107.0,33.69,280.4,132.0,23.83,129.6,73.0,5.83,11.3,7.0,3.05,1.0,0
249,83.0,0.0,0.0,0.0,178.8,102.0,30.4,167.9,84.0,14.27,178.9,65.0,8.05,8.6,4.0,2.32,3.0,0
250,99.0,1.0,0.0,0.0,242.3,102.0,41.19,350.9,102.0,29.83,163.1,93.0,7.34,11.3,3.0,3.05,0.0,1
251,83.0,0.0,1.0,20.0,95.0,89.0,16.15,167.9,92.0,14.27,200.6,79.0,9.03,11.2,2.0,3.02,0.0,0
252,141.0,0.0,0.0,0.0,160.1,87.0,27.22,256.7,120.0,21.82,270.0,107.0,12.15,7.0,1.0,1.89,2.0,0
253,184.0,0.0,0.0,0.0,236.4,73.0,40.19,287.3,120.0,24.42,192.0,94.0,8.64,13.8,4.0,3.73,1.0,1
254,138.0,0.0,1.0,21.0,19.5,149.0,3.32,140.9,109.0,11.98,179.7,111.0,8.09,7.9,1.0,2.13,0.0,0
255,84.0,0.0,0.0,0.0,226.9,144.0,38.57,201.6,122.0,17.14,130.2,121.0,5.86,13.2,5.0,3.56,2.0,0
256,72.0,0.0,0.0,0.0,165.9,114.0,28.2,235.9,97.0,20.05,210.1,120.0,9.45,12.0,5.0,3.24,2.0,0
257,65.0,0.0,1.0,29.0,158.1,104.0,26.88,322.2,81.0,27.39,210.0,96.0,9.45,8.9,6.0,2.4,1.0,0
258,99.0,0.0,0.0,0.0,54.8,92.0,9.32,173.0,103.0,14.71,195.1,125.0,8.78,7.5,3.0,2.03,1.0,0
259,111.0,0.0,0.0,0.0,191.3,80.0,32.52,138.5,94.0,11.77,246.0,107.0,11.07,6.4,3.0,1.73,2.0,0
260,106.0,0.0,1.0,31.0,197.4,125.0,33.56,123.4,110.0,10.49,115.6,101.0,5.2,12.3,4.0,3.32,3.0,0
261,88.0,0.0,0.0,0.0,148.2,82.0,25.19,308.7,67.0,26.24,235.4,79.0,10.59,6.4,4.0,1.73,2.0,0
262,17.0,0.0,1.0,35.0,198.5,123.0,33.75,270.6,74.0,23.0,209.9,130.0,9.45,8.1,10.0,2.19,1.0,0
263,64.0,0.0,0.0,0.0,145.5,116.0,24.74,228.4,110.0,19.41,273.4,91.0,12.3,8.9,8.0,2.4,1.0,1
264,107.0,0.0,0.0,0.0,194.5,97.0,33.07,186.3,131.0,15.84,178.3,106.0,8.02,12.7,1.0,3.43,2.0,0
265,90.0,0.0,0.0,0.0,37.8,80.0,6.43,155.3,105.0,13.2,175.0,111.0,7.88,14.2,5.0,3.83,3.0,0
266,90.0,0.0,1.0,39.0,94.8,89.0,16.12,219.1,91.0,18.62,197.4,65.0,8.88,11.4,5.0,3.08,1.0,0
267,114.0,0.0,0.0,0.0,202.1,100.0,34.36,195.7,102.0,16.63,291.8,120.0,13.13,13.3,5.0,3.59,2.0,0
268,140.0,0.0,0.0,0.0,120.3,108.0,20.45,240.4,84.0,20.43,216.4,74.0,9.74,7.7,3.0,2.08,4.0,0
269,102.0,0.0,0.0,0.0,174.5,73.0,29.67,213.7,114.0,18.16,164.7,116.0,7.41,10.3,5.0,2.78,4.0,0
270,70.0,0.0,0.0,0.0,129.9,102.0,22.08,208.7,133.0,17.74,231.4,93.0,10.41,14.3,3.0,3.86,1.0,0
271,84.0,0.0,0.0,0.0,75.3,96.0,12.8,179.9,113.0,15.29,193.8,134.0,8.72,12.3,1.0,3.32,1.0,0
272,80.0,0.0,0.0,0.0,149.8,123.0,25.47,276.3,75.0,23.49,241.4,75.0,10.86,10.9,7.0,2.94,2.0,0
273,113.0,0.0,1.0,23.0,149.0,104.0,25.33,235.8,67.0,20.04,201.8,76.0,9.08,9.5,5.0,2.57,4.0,0
274,111.0,0.0,1.0,36.0,96.8,123.0,16.46,170.6,105.0,14.5,166.0,85.0,7.47,13.4,4.0,3.62,2.0,0
275,70.0,0.0,0.0,0.0,232.8,95.0,39.58,303.4,111.0,25.79,255.6,104.0,11.5,12.9,7.0,3.48,0.0,1
276,60.0,0.0,0.0,0.0,179.3,147.0,30.48,208.9,89.0,17.76,248.2,98.0,11.17,13.5,6.0,3.65,1.0,0
277,71.0,0.0,1.0,23.0,175.7,82.0,29.87,258.9,136.0,22.01,268.4,154.0,12.08,14.1,7.0,3.81,1.0,0
278,124.0,0.0,0.0,0.0,157.4,107.0,26.76,167.8,112.0,14.26,188.8,102.0,8.5,8.8,3.0,2.38,3.0,0
279,66.0,0.0,0.0,0.0,205.1,102.0,34.87,232.7,109.0,19.78,259.9,95.0,11.7,9.2,6.0,2.48,2.0,1
280,106.0,0.0,0.0,0.0,158.6,112.0,26.96,220.0,114.0,18.7,252.9,106.0,11.38,9.1,3.0,2.46,0.0,0
281,59.0,0.0,0.0,0.0,153.6,92.0,26.11,205.5,88.0,17.47,114.5,89.0,5.15,12.5,10.0,3.38,1.0,0
282,87.0,1.0,1.0,40.0,221.6,79.0,37.67,157.1,74.0,13.35,222.4,124.0,10.01,11.5,3.0,3.11,1.0,0
283,59.0,0.0,0.0,0.0,204.3,65.0,34.73,247.3,123.0,21.02,214.7,94.0,9.66,12.0,4.0,3.24,1.0,0
284,21.0,0.0,0.0,0.0,225.0,110.0,38.25,244.2,111.0,20.76,221.2,93.0,9.95,10.7,4.0,2.89,0.0,1
285,147.0,0.0,1.0,36.0,254.2,78.0,43.21,228.1,105.0,19.39,98.0,125.0,4.41,13.8,7.0,3.73,5.0,0
286,117.0,0.0,1.0,17.0,221.3,82.0,37.62,167.6,100.0,14.25,262.7,87.0,11.82,4.4,4.0,1.19,0.0,0
287,138.0,0.0,1.0,29.0,190.1,87.0,32.32,223.2,123.0,18.97,256.2,130.0,11.53,14.2,6.0,3.83,0.0,0
288,80.0,0.0,0.0,0.0,199.8,138.0,33.97,167.1,91.0,14.2,271.8,94.0,12.23,5.5,4.0,1.49,1.0,0
289,133.0,0.0,0.0,0.0,245.8,102.0,41.79,264.7,90.0,22.5,111.7,103.0,5.03,11.2,7.0,3.02,0.0,0
290,123.0,0.0,0.0,0.0,206.9,115.0,35.17,224.4,86.0,19.07,197.4,60.0,8.88,8.3,2.0,2.24,3.0,0
291,39.0,0.0,0.0,0.0,295.4,126.0,50.22,232.1,117.0,19.73,204.4,123.0,9.2,11.5,2.0,3.11,1.0,0
292,92.0,0.0,0.0,0.0,139.8,98.0,23.77,174.9,143.0,14.87,201.6,135.0,9.07,9.4,7.0,2.54,2.0,0
293,65.0,0.0,0.0,0.0,192.0,89.0,32.64,139.5,88.0,11.86,187.4,102.0,8.43,5.5,4.0,1.49,2.0,0
294,67.0,0.0,0.0,0.0,215.5,102.0,36.64,190.7,95.0,16.21,214.5,106.0,9.65,8.6,6.0,2.32,1.0,0
295,124.0,0.0,0.0,0.0,131.8,82.0,22.41,284.3,119.0,24.17,305.5,101.0,13.75,11.3,2.0,3.05,1.0,0
296,84.0,0.0,0.0,0.0,190.2,102.0,32.33,197.7,141.0,16.8,247.5,102.0,11.14,9.8,6.0,2.65,2.0,0
297,145.0,0.0,0.0,0.0,199.2,124.0,33.86,126.0,86.0,10.71,289.2,135.0,13.01,7.6,3.0,2.05,1.0,0
298,124.0,0.0,0.0,0.0,188.5,77.0,32.05,182.0,123.0,15.47,218.2,127.0,9.82,6.1,6.0,1.65,1.0,0
299,94.0,0.0,0.0,0.0,108.0,79.0,18.36,241.9,152.0,20.56,252.1,92.0,11.34,10.4,3.0,2.81,3.0,1
300,72.0,0.0,0.0,0.0,177.1,97.0,30.11,184.7,105.0,15.7,174.1,94.0,7.83,8.0,6.0,2.16,1.0,0
301,177.0,0.0,1.0,27.0,230.2,106.0,39.13,196.1,78.0,16.67,215.4,108.0,9.69,10.4,2.0,2.81,1.0,0
302,43.0,0.0,0.0,0.0,177.2,93.0,30.12,142.6,60.0,12.12,314.1,144.0,14.13,12.7,2.0,3.43,4.0,0
303,99.0,0.0,0.0,0.0,140.7,88.0,23.92,210.9,98.0,17.93,229.9,125.0,10.35,12.4,4.0,3.35,2.0,0
304,150.0,0.0,0.0,0.0,169.2,123.0,28.76,216.8,83.0,18.43,179.4,107.0,8.07,12.6,3.0,3.4,1.0,0
305,77.0,0.0,0.0,0.0,175.5,86.0,29.84,205.1,78.0,17.43,245.2,100.0,11.03,17.8,3.0,4.81,4.0,1
306,86.0,0.0,0.0,0.0,194.2,98.0,33.01,193.8,95.0,16.47,192.0,123.0,8.64,9.3,7.0,2.51,3.0,0
307,165.0,0.0,1.0,39.0,167.4,113.0,28.46,172.7,94.0,14.68,192.6,113.0,8.67,9.5,4.0,2.57,3.0,0
308,41.0,0.0,1.0,30.0,191.7,109.0,32.59,193.0,86.0,16.41,149.4,93.0,6.72,11.1,4.0,3.0,1.0,0
309,108.0,0.0,0.0,0.0,240.2,78.0,40.83,230.3,109.0,19.58,217.0,83.0,9.76,5.2,1.0,1.4,2.0,0
310,115.0,0.0,0.0,0.0,127.7,67.0,21.71,182.9,90.0,15.55,172.9,92.0,7.78,10.6,7.0,2.86,1.0,0
311,105.0,0.0,1.0,34.0,218.5,61.0,37.15,196.7,74.0,16.72,151.1,103.0,6.8,9.9,4.0,2.67,2.0,0
312,104.0,0.0,0.0,0.0,263.4,101.0,44.78,235.5,117.0,20.02,102.0,146.0,4.59,13.0,4.0,3.51,0.0,1
313,82.0,0.0,0.0,0.0,197.7,101.0,33.61,127.6,83.0,10.85,142.1,103.0,6.39,13.5,3.0,3.65,1.0,0
314,140.0,0.0,0.0,0.0,159.1,104.0,27.05,269.8,106.0,22.93,220.4,116.0,9.92,10.3,4.0,2.78,1.0,0
315,106.0,0.0,1.0,37.0,223.5,104.0,38.0,235.1,99.0,19.98,140.1,90.0,6.3,10.6,5.0,2.86,2.0,0
316,141.0,0.0,0.0,0.0,192.4,111.0,32.71,156.9,87.0,13.34,175.8,82.0,7.91,11.0,6.0,2.97,0.0,0
317,98.0,0.0,0.0,0.0,236.2,122.0,40.15,189.4,110.0,16.1,153.6,104.0,6.91,13.3,4.0,3.59,0.0,0
318,138.0,1.0,0.0,0.0,196.2,129.0,33.35,176.5,86.0,15.0,232.4,108.0,10.46,15.2,1.0,4.1,0.0,1
319,127.0,0.0,1.0,27.0,140.1,59.0,23.82,223.4,111.0,18.99,257.9,73.0,11.61,3.8,10.0,1.03,1.0,0
320,202.0,0.0,0.0,0.0,115.4,137.0,19.62,178.7,70.0,15.19,185.7,113.0,8.36,6.0,3.0,1.62,3.0,1
321,79.0,0.0,0.0,0.0,156.9,109.0,26.67,122.2,87.0,10.39,189.1,103.0,8.51,11.3,5.0,3.05,3.0,0
322,166.0,0.0,0.0,0.0,197.9,89.0,33.64,251.0,113.0,21.34,138.3,85.0,6.22,11.2,2.0,3.02,2.0,0
323,47.0,1.0,0.0,0.0,47.8,120.0,8.13,178.9,123.0,15.21,152.6,96.0,6.87,13.3,7.0,3.59,0.0,1
324,160.0,0.0,0.0,0.0,121.8,97.0,20.71,89.3,97.0,7.59,150.7,92.0,6.78,10.3,5.0,2.78,1.0,0
325,180.0,0.0,0.0,0.0,143.5,121.0,24.4,189.3,111.0,16.09,174.9,82.0,7.87,8.8,5.0,2.38,3.0,0
326,170.0,0.0,1.0,37.0,178.1,130.0,30.28,242.8,103.0,20.64,243.0,93.0,10.93,13.0,4.0,3.51,0.0,1
327,123.0,0.0,0.0,0.0,257.9,92.0,43.84,211.6,71.0,17.99,189.3,104.0,8.52,9.4,2.0,2.54,2.0,0
328,133.0,0.0,0.0,0.0,216.2,67.0,36.75,222.2,133.0,18.89,192.0,95.0,8.64,3.1,1.0,0.84,2.0,0
329,127.0,0.0,0.0,0.0,261.7,105.0,44.49,181.8,107.0,15.45,100.9,131.0,4.54,3.3,5.0,0.89,0.0,0
330,8.0,0.0,1.0,36.0,242.9,67.0,41.29,170.9,59.0,14.53,177.3,130.0,7.98,4.8,12.0,1.3,1.0,0
331,13.0,0.0,0.0,0.0,303.2,133.0,51.54,170.5,86.0,14.49,227.6,80.0,10.24,11.5,3.0,3.11,0.0,1
332,137.0,0.0,1.0,22.0,189.6,42.0,32.23,179.0,137.0,15.22,179.6,126.0,8.08,11.4,5.0,3.08,2.0,1
333,94.0,0.0,1.0,28.0,92.7,107.0,15.76,127.8,86.0,10.86,225.6,86.0,10.15,9.9,4.0,2.67,3.0,0
334,148.0,0.0,0.0,0.0,239.3,84.0,40.68,195.7,85.0,16.63,232.6,104.0,10.47,10.9,3.0,2.94,1.0,0
335,148.0,0.0,0.0,0.0,17.6,121.0,2.99,161.7,125.0,13.74,203.1,82.0,9.14,10.6,6.0,2.86,1.0,0
336,144.0,0.0,1.0,37.0,219.9,102.0,37.38,222.1,77.0,18.88,118.5,111.0,5.33,10.0,4.0,2.7,1.0,0
337,146.0,0.0,0.0,0.0,195.9,86.0,33.3,228.6,82.0,19.43,303.5,94.0,13.66,12.2,4.0,3.29,3.0,0
338,107.0,0.0,1.0,38.0,204.2,57.0,34.71,205.9,92.0,17.5,286.5,80.0,12.89,8.3,4.0,2.24,0.0,0
339,34.0,0.0,0.0,0.0,193.7,74.0,32.93,126.9,84.0,10.79,221.2,166.0,9.95,8.8,4.0,2.38,0.0,0
340,86.0,0.0,0.0,0.0,92.8,92.0,15.78,159.6,87.0,13.57,148.7,115.0,6.69,8.8,5.0,2.38,1.0,0
341,100.0,0.0,1.0,27.0,221.7,100.0,37.69,236.1,70.0,20.07,192.7,91.0,8.67,8.0,4.0,2.16,0.0,0
342,104.0,0.0,0.0,0.0,144.5,107.0,24.57,180.5,85.0,15.34,226.0,94.0,10.17,17.0,6.0,4.59,2.0,0
343,205.0,0.0,0.0,0.0,49.9,123.0,8.48,150.7,81.0,12.81,188.2,67.0,8.47,10.1,4.0,2.73,2.0,0
344,93.0,0.0,1.0,32.0,116.9,120.0,19.87,232.4,97.0,19.75,127.7,112.0,5.75,11.0,9.0,2.97,0.0,0
345,123.0,0.0,0.0,0.0,150.0,98.0,25.5,89.8,95.0,7.63,326.0,91.0,14.67,11.1,3.0,3.0,3.0,0
346,43.0,0.0,1.0,35.0,200.2,105.0,34.03,244.4,88.0,20.77,207.2,97.0,9.32,11.6,4.0,3.13,3.0,0
347,106.0,0.0,0.0,0.0,194.8,133.0,33.12,213.4,73.0,18.14,190.8,92.0,8.59,11.5,7.0,3.11,0.0,0
348,122.0,0.0,0.0,0.0,168.3,96.0,28.61,87.6,91.0,7.45,247.2,87.0,11.12,8.4,6.0,2.27,1.0,0
349,137.0,0.0,0.0,0.0,104.7,115.0,17.8,249.8,144.0,21.23,192.3,99.0,8.65,8.9,2.0,2.4,1.0,0
350,46.0,0.0,1.0,34.0,191.4,102.0,32.54,361.8,96.0,30.75,147.5,132.0,6.64,7.2,2.0,1.94,1.0,0
351,40.0,0.0,0.0,0.0,109.4,107.0,18.6,244.7,102.0,20.8,276.9,123.0,12.46,7.1,7.0,1.92,0.0,1
352,22.0,0.0,0.0,0.0,207.7,116.0,35.31,210.6,99.0,17.9,238.2,88.0,10.72,9.6,5.0,2.59,0.0,0
353,101.0,1.0,0.0,0.0,133.5,51.0,22.7,219.6,96.0,18.67,210.0,74.0,9.45,11.7,4.0,3.16,1.0,0
354,153.0,0.0,0.0,0.0,159.5,103.0,27.12,275.5,90.0,23.42,176.7,126.0,7.95,10.1,2.0,2.73,1.0,0
355,112.0,0.0,0.0,0.0,174.3,123.0,29.63,140.2,124.0,11.92,215.4,89.0,9.69,9.0,6.0,2.43,4.0,0
356,101.0,0.0,1.0,36.0,123.7,125.0,21.03,172.6,106.0,14.67,280.5,127.0,12.62,8.8,4.0,2.38,1.0,0
357,161.0,0.0,0.0,0.0,297.9,141.0,50.64,238.1,107.0,20.24,240.5,93.0,10.82,8.9,5.0,2.4,1.0,1
358,130.0,0.0,0.0,0.0,212.8,102.0,36.18,189.8,137.0,16.13,170.1,105.0,7.65,10.6,4.0,2.86,0.0,0
359,90.0,0.0,0.0,0.0,125.4,158.0,21.32,269.1,83.0,22.87,238.6,103.0,10.74,11.0,7.0,2.97,1.0,1
360,107.0,0.0,0.0,0.0,294.9,71.0,50.13,192.8,78.0,16.39,148.1,87.0,6.66,13.2,5.0,3.56,1.0,1
361,37.0,0.0,0.0,0.0,239.9,120.0,40.78,261.6,88.0,22.24,207.1,88.0,9.32,8.9,4.0,2.4,2.0,1
362,100.0,1.0,0.0,0.0,159.9,94.0,27.18,179.9,95.0,15.29,154.4,102.0,6.95,11.6,2.0,3.13,2.0,0
363,38.0,0.0,1.0,36.0,115.4,98.0,19.62,166.2,83.0,14.13,184.7,79.0,8.31,15.2,6.0,4.1,2.0,0
364,112.0,0.0,1.0,23.0,286.6,79.0,48.72,315.3,102.0,26.8,193.9,101.0,8.73,10.3,6.0,2.78,1.0,0
365,182.0,0.0,0.0,0.0,279.5,118.0,47.52,203.2,113.0,17.27,174.2,101.0,7.84,10.7,4.0,2.89,2.0,0
366,163.0,0.0,1.0,23.0,224.0,126.0,38.08,233.5,89.0,19.85,293.9,104.0,13.23,8.8,4.0,2.38,1.0,0
367,152.0,1.0,1.0,41.0,146.8,128.0,24.96,285.6,96.0,24.28,213.6,80.0,9.61,4.3,2.0,1.16,1.0,0
368,95.0,0.0,1.0,23.0,160.3,87.0,27.25,202.4,101.0,17.2,191.1,122.0,8.6,7.4,3.0,2.0,0.0,0
369,1.0,0.0,0.0,0.0,175.2,74.0,29.78,151.7,79.0,12.89,230.5,109.0,10.37,5.3,3.0,1.43,1.0,0
370,116.0,1.0,1.0,29.0,162.3,91.0,27.59,279.3,79.0,23.74,192.7,131.0,8.67,11.7,2.0,3.16,3.0,0
371,111.0,0.0,0.0,0.0,152.2,114.0,25.87,137.2,102.0,11.66,185.9,97.0,8.37,9.8,3.0,2.65,0.0,0
372,109.0,0.0,0.0,0.0,175.4,125.0,29.82,250.7,87.0,21.31,289.3,74.0,13.02,9.8,9.0,2.65,1.0,0
373,103.0,0.0,0.0,0.0,160.8,91.0,27.34,155.8,82.0,13.24,254.3,103.0,11.44,8.5,3.0,2.3,1.0,0
374,115.0,0.0,0.0,0.0,178.7,114.0,30.38,271.0,96.0,23.04,245.9,94.0,11.07,16.4,5.0,4.43,2.0,1
375,90.0,0.0,0.0,0.0,167.5,96.0,28.48,139.1,104.0,11.82,138.4,87.0,6.23,13.0,1.0,3.51,1.0,0
376,70.0,0.0,0.0,0.0,147.1,105.0,25.01,200.0,135.0,17.0,234.9,65.0,10.57,12.5,9.0,3.38,3.0,0
377,109.0,0.0,0.0,0.0,153.1,102.0,26.03,234.1,77.0,19.9,329.2,74.0,14.81,9.9,9.0,2.67,3.0,0
378,82.0,0.0,0.0,0.0,265.2,122.0,45.08,178.7,102.0,15.19,174.7,90.0,7.86,10.7,9.0,2.89,2.0,0
379,180.0,0.0,0.0,0.0,143.3,134.0,24.36,180.5,113.0,15.34,184.2,87.0,8.29,10.1,4.0,2.73,1.0,0
380,79.0,1.0,0.0,0.0,103.5,134.0,17.6,319.3,111.0,27.14,239.9,124.0,10.8,8.4,4.0,2.27,2.0,0
381,102.0,0.0,0.0,0.0,129.5,56.0,22.02,354.2,118.0,30.11,145.5,93.0,6.55,10.9,3.0,2.94,1.0,0
382,49.0,0.0,0.0,0.0,236.6,91.0,40.22,220.9,146.0,18.78,146.8,114.0,6.61,8.9,2.0,2.4,1.0,0
383,67.0,0.0,0.0,0.0,260.4,107.0,44.27,208.2,104.0,17.7,207.9,115.0,9.36,10.0,2.0,2.7,6.0,0
384,107.0,0.0,0.0,0.0,167.3,100.0,28.44,163.9,79.0,13.93,185.9,100.0,8.37,6.7,5.0,1.81,2.0,0
385,118.0,0.0,0.0,0.0,113.0,80.0,19.21,150.1,87.0,12.76,204.3,115.0,9.19,10.8,4.0,2.92,2.0,0
386,94.0,0.0,0.0,0.0,136.2,114.0,23.15,165.1,118.0,14.03,137.9,71.0,6.21,9.6,5.0,2.59,0.0,0
387,147.0,0.0,0.0,0.0,168.6,92.0,28.66,187.7,107.0,15.95,216.5,95.0,9.74,14.4,8.0,3.89,2.0,0
388,123.0,0.0,0.0,0.0,166.9,98.0,28.37,221.8,77.0,18.85,243.9,114.0,10.98,12.8,4.0,3.46,3.0,0
389,97.0,0.0,0.0,0.0,146.0,121.0,24.82,203.0,141.0,17.26,151.8,120.0,6.83,13.3,2.0,3.59,1.0,0
390,123.0,0.0,0.0,0.0,123.2,104.0,20.94,190.0,117.0,16.15,170.3,95.0,7.66,12.9,5.0,3.48,4.0,0
391,63.0,0.0,0.0,0.0,128.7,78.0,21.88,240.8,133.0,20.47,237.7,121.0,10.7,12.8,6.0,3.46,1.0,0
392,78.0,0.0,1.0,13.0,281.2,93.0,47.8,178.2,101.0,15.15,244.2,129.0,10.99,6.4,5.0,1.73,2.0,0
393,106.0,0.0,0.0,0.0,208.3,89.0,35.41,169.4,67.0,14.4,102.0,90.0,4.59,15.9,4.0,4.29,3.0,0
394,145.0,0.0,0.0,0.0,224.2,89.0,38.11,314.9,121.0,26.77,182.9,121.0,8.23,16.1,3.0,4.35,1.0,1
395,48.0,0.0,0.0,0.0,240.0,88.0,40.8,141.0,117.0,11.99,128.9,137.0,5.8,7.1,9.0,1.92,1.0,0
396,100.0,0.0,0.0,0.0,166.0,102.0,28.22,236.1,97.0,20.07,134.3,93.0,6.04,10.9,4.0,2.94,1.0,0
397,147.0,1.0,1.0,35.0,157.5,109.0,26.78,189.6,67.0,16.12,227.0,76.0,10.22,11.1,2.0,3.0,3.0,0
398,115.0,0.0,0.0,0.0,206.2,113.0,35.05,176.4,102.0,14.99,297.1,119.0,13.37,11.0,7.0,2.97,1.0,0
399,86.0,0.0,1.0,16.0,144.8,105.0,24.62,206.2,111.0,17.53,255.4,117.0,11.49,11.6,2.0,3.13,4.0,0
400,141.0,0.0,1.0,32.0,322.4,92.0,54.81,283.2,107.0,24.07,209.5,111.0,9.43,6.7,3.0,1.81,1.0,0
401,163.0,0.0,1.0,22.0,215.1,91.0,36.57,138.9,102.0,11.81,146.2,109.0,6.58,12.4,2.0,3.35,2.0,0
402,89.0,0.0,1.0,35.0,174.4,108.0,29.65,196.7,100.0,16.72,127.4,74.0,5.73,11.8,3.0,3.19,1.0,0
403,76.0,0.0,0.0,0.0,179.2,85.0,30.46,222.9,66.0,18.95,188.2,113.0,8.47,12.4,2.0,3.35,0.0,0
404,91.0,1.0,0.0,0.0,246.4,110.0,41.89,182.0,98.0,15.47,157.6,106.0,7.09,12.1,2.0,3.27,2.0,0
405,69.0,0.0,0.0,0.0,227.0,122.0,38.59,258.7,111.0,21.99,169.7,87.0,7.64,8.9,1.0,2.4,2.0,0
406,180.0,0.0,0.0,0.0,224.9,105.0,38.23,250.0,101.0,21.25,216.1,73.0,9.72,6.7,5.0,1.81,3.0,1
407,64.0,0.0,0.0,0.0,213.5,93.0,36.3,166.6,114.0,14.16,122.0,78.0,5.49,14.1,3.0,3.81,3.0,0
408,160.0,0.0,0.0,0.0,166.4,117.0,28.29,317.0,129.0,26.95,160.4,121.0,7.22,10.0,2.0,2.7,1.0,0
409,74.0,0.0,0.0,0.0,314.1,86.0,53.4,222.4,99.0,18.9,259.0,121.0,11.66,12.3,5.0,3.32,3.0,0
410,134.0,0.0,1.0,41.0,162.0,82.0,27.54,324.7,77.0,27.6,160.1,112.0,7.2,11.9,5.0,3.21,0.0,0
411,46.0,0.0,0.0,0.0,40.4,105.0,6.87,172.4,83.0,14.65,145.1,89.0,6.53,9.0,2.0,2.43,2.0,0
412,132.0,0.0,0.0,0.0,291.2,104.0,49.5,234.2,132.0,19.91,191.7,87.0,8.63,8.9,3.0,2.4,1.0,1
413,50.0,0.0,0.0,0.0,295.3,127.0,50.2,127.4,100.0,10.83,166.8,105.0,7.51,9.6,6.0,2.59,1.0,1
414,98.0,0.0,0.0,0.0,136.1,82.0,23.14,156.3,118.0,13.29,158.8,83.0,7.15,10.1,5.0,2.73,2.0,0
415,156.0,0.0,1.0,27.0,192.3,137.0,32.69,199.9,115.0,16.99,244.2,112.0,10.99,14.8,8.0,4.0,1.0,0
416,130.0,1.0,0.0,0.0,216.2,106.0,36.75,363.7,86.0,30.91,126.7,123.0,5.7,16.9,2.0,4.56,5.0,1
417,90.0,1.0,1.0,26.0,169.0,104.0,28.73,188.8,104.0,16.05,213.3,76.0,9.6,13.3,3.0,3.59,0.0,1
418,101.0,0.0,1.0,9.0,160.1,116.0,27.22,210.0,121.0,17.85,139.1,65.0,6.26,10.8,9.0,2.92,0.0,0
419,117.0,0.0,0.0,0.0,158.7,84.0,26.98,181.7,91.0,15.44,177.3,67.0,7.98,7.7,10.0,2.08,2.0,0
420,95.0,0.0,0.0,0.0,229.9,116.0,39.08,202.4,110.0,17.2,171.4,105.0,7.71,14.2,6.0,3.83,1.0,0
421,107.0,0.0,0.0,0.0,206.9,79.0,35.17,262.4,117.0,22.3,149.3,69.0,6.72,10.7,3.0,2.89,0.0,0
422,88.0,0.0,0.0,0.0,181.5,116.0,30.86,187.0,119.0,15.9,220.3,96.0,9.91,10.5,7.0,2.84,1.0,0
423,120.0,0.0,0.0,0.0,131.7,99.0,22.39,163.1,109.0,13.86,201.1,116.0,9.05,10.7,3.0,2.89,1.0,0
424,106.0,0.0,1.0,9.0,88.5,100.0,15.05,324.8,109.0,27.61,79.9,86.0,3.6,8.2,4.0,2.21,3.0,0
425,84.0,0.0,1.0,30.0,106.5,65.0,18.11,225.7,108.0,19.18,188.6,61.0,8.49,5.7,3.0,1.54,2.0,0
426,62.0,1.0,1.0,32.0,218.4,93.0,37.13,236.7,132.0,20.12,192.2,137.0,8.65,13.2,3.0,3.56,0.0,1
427,20.0,0.0,0.0,0.0,186.8,89.0,31.76,253.4,51.0,21.54,273.1,105.0,12.29,12.3,6.0,3.32,2.0,0
428,112.0,0.0,0.0,0.0,208.7,150.0,35.48,212.8,104.0,18.09,178.1,98.0,8.01,8.5,4.0,2.3,0.0,0
429,107.0,0.0,1.0,27.0,283.4,104.0,48.18,224.1,152.0,19.05,241.3,63.0,10.86,14.4,7.0,3.89,2.0,0
430,137.0,1.0,0.0,0.0,258.0,112.0,43.86,246.5,117.0,20.95,173.2,100.0,7.79,10.9,3.0,2.94,0.0,0
431,90.0,0.0,1.0,42.0,193.3,66.0,32.86,263.3,85.0,22.38,214.4,97.0,9.65,11.1,4.0,3.0,0.0,0
432,189.0,0.0,0.0,0.0,219.9,80.0,37.38,143.3,117.0,12.18,130.6,69.0,5.88,11.7,7.0,3.16,1.0,0
433,19.0,1.0,0.0,0.0,237.7,98.0,40.41,207.1,121.0,17.6,182.2,95.0,8.2,4.5,4.0,1.22,0.0,0
434,156.0,0.0,0.0,0.0,237.7,122.0,40.41,181.5,91.0,15.43,185.7,151.0,8.36,7.7,4.0,2.08,1.0,0
435,101.0,0.0,0.0,0.0,220.3,124.0,37.45,188.6,101.0,16.03,278.4,98.0,12.53,10.6,4.0,2.86,1.0,0
436,123.0,0.0,0.0,0.0,204.4,88.0,34.75,137.5,111.0,11.69,226.0,100.0,10.17,10.0,4.0,2.7,0.0,0
437,97.0,0.0,1.0,32.0,90.0,87.0,15.3,276.3,113.0,23.49,185.2,107.0,8.33,8.6,6.0,2.32,2.0,0
438,115.0,0.0,0.0,0.0,146.7,128.0,24.94,106.2,74.0,9.03,197.7,104.0,8.9,11.1,4.0,3.0,2.0,0
439,95.0,0.0,0.0,0.0,237.3,83.0,40.34,154.0,65.0,13.09,237.0,105.0,10.67,11.2,6.0,3.02,1.0,0
440,105.0,0.0,1.0,20.0,186.9,114.0,31.77,256.3,91.0,21.79,334.7,104.0,15.06,8.9,2.0,2.4,1.0,0
441,1.0,0.0,1.0,26.0,146.6,68.0,24.92,172.8,67.0,14.69,173.8,113.0,7.82,10.0,2.0,2.7,1.0,0
442,91.0,0.0,1.0,20.0,146.1,98.0,24.84,277.4,104.0,23.58,137.7,100.0,6.2,6.2,3.0,1.67,1.0,0
443,85.0,0.0,0.0,0.0,144.4,88.0,24.55,264.6,105.0,22.49,185.4,94.0,8.34,9.9,3.0,2.67,1.0,0
444,85.0,0.0,1.0,17.0,89.8,88.0,15.27,233.2,75.0,19.82,165.7,116.0,7.46,9.3,7.0,2.51,4.0,0
445,99.0,0.0,0.0,0.0,174.1,102.0,29.6,99.1,118.0,8.42,211.6,126.0,9.52,7.7,2.0,2.08,2.0,0
446,123.0,0.0,0.0,0.0,175.7,78.0,29.87,184.6,96.0,15.69,156.9,92.0,7.06,9.1,2.0,2.46,2.0,0
447,104.0,0.0,0.0,0.0,113.6,87.0,19.31,158.6,98.0,13.48,187.7,87.0,8.45,10.5,6.0,2.84,2.0,0
448,168.0,0.0,0.0,0.0,163.4,134.0,27.78,240.1,87.0,20.41,164.0,147.0,7.38,11.6,2.0,3.13,2.0,0
449,68.0,0.0,0.0,0.0,207.6,68.0,35.29,251.6,123.0,21.39,191.6,100.0,8.62,10.9,6.0,2.94,2.0,0
450,112.0,0.0,1.0,31.0,225.2,89.0,38.28,256.8,117.0,21.83,249.7,87.0,11.24,11.5,1.0,3.11,4.0,0
451,56.0,1.0,0.0,0.0,177.7,114.0,30.21,215.6,110.0,18.33,236.7,67.0,10.65,10.5,5.0,2.84,1.0,0
452,133.0,0.0,0.0,0.0,117.8,100.0,20.03,199.2,105.0,16.93,244.1,119.0,10.98,11.8,4.0,3.19,0.0,0
453,95.0,0.0,0.0,0.0,128.6,115.0,21.86,216.2,88.0,18.38,255.3,96.0,11.49,6.3,2.0,1.7,6.0,0
454,1.0,0.0,0.0,0.0,182.1,106.0,30.96,134.9,106.0,11.47,152.3,75.0,6.85,10.0,3.0,2.7,5.0,0
455,90.0,0.0,1.0,22.0,124.5,94.0,21.17,231.7,90.0,19.69,222.2,108.0,10.0,6.4,12.0,1.73,1.0,0
456,46.0,0.0,0.0,0.0,122.2,67.0,20.77,167.2,62.0,14.21,194.8,98.0,8.77,9.7,6.0,2.62,1.0,0
457,150.0,0.0,0.0,0.0,214.0,117.0,36.38,192.4,89.0,16.35,242.6,99.0,10.92,7.9,4.0,2.13,1.0,0
458,73.0,0.0,0.0,0.0,194.8,112.0,33.12,167.2,85.0,14.21,100.3,61.0,4.51,10.8,6.0,2.92,1.0,0
459,161.0,0.0,0.0,0.0,196.6,73.0,33.42,170.2,79.0,14.47,194.3,79.0,8.74,12.5,3.0,3.38,1.0,0
460,76.0,0.0,0.0,0.0,204.0,69.0,34.68,225.1,110.0,19.13,240.3,85.0,10.81,9.6,5.0,2.59,1.0,0
461,95.0,0.0,0.0,0.0,134.4,104.0,22.85,152.4,95.0,12.95,236.5,80.0,10.64,9.4,3.0,2.54,1.0,0
462,76.0,0.0,0.0,0.0,171.1,78.0,29.09,257.2,83.0,21.86,91.6,92.0,4.12,16.2,3.0,4.37,1.0,0
463,103.0,0.0,1.0,37.0,153.5,78.0,26.1,241.9,108.0,20.56,244.7,110.0,11.01,10.6,3.0,2.86,1.0,1
464,132.0,0.0,1.0,25.0,113.2,96.0,19.24,269.9,107.0,22.94,229.1,87.0,10.31,7.1,7.0,1.92,2.0,0
465,148.0,0.0,0.0,0.0,203.0,92.0,34.51,150.9,125.0,12.83,245.5,131.0,11.05,14.6,9.0,3.94,1.0,0
466,105.0,0.0,0.0,0.0,156.5,102.0,26.61,140.2,134.0,11.92,227.4,111.0,10.23,12.2,2.0,3.29,2.0,0
467,129.0,0.0,0.0,0.0,150.0,98.0,25.5,232.4,101.0,19.75,261.2,123.0,11.75,12.5,6.0,3.38,1.0,1
468,37.0,0.0,0.0,0.0,191.4,116.0,32.54,167.4,99.0,14.23,216.5,112.0,9.74,14.0,5.0,3.78,3.0,0
469,110.0,0.0,0.0,0.0,18.9,92.0,3.21,258.4,81.0,21.96,109.6,74.0,4.93,14.8,4.0,4.0,1.0,0
470,90.0,0.0,0.0,0.0,222.0,93.0,37.74,187.0,103.0,15.9,282.3,124.0,12.7,12.4,6.0,3.35,2.0,0
471,62.0,0.0,0.0,0.0,100.0,98.0,17.0,173.5,95.0,14.75,218.0,122.0,9.81,10.1,4.0,2.73,0.0,0
472,84.0,0.0,1.0,38.0,193.0,106.0,32.81,153.6,106.0,13.06,260.4,87.0,11.72,7.4,5.0,2.0,2.0,0
473,111.0,0.0,0.0,0.0,78.3,119.0,13.31,198.2,94.0,16.85,248.5,94.0,11.18,12.1,4.0,3.27,1.0,0
474,91.0,0.0,0.0,0.0,133.8,61.0,22.75,158.8,96.0,13.5,189.6,92.0,8.53,10.5,2.0,2.84,1.0,0
475,118.0,0.0,1.0,36.0,294.9,106.0,50.13,165.7,115.0,14.08,189.2,63.0,8.51,9.8,5.0,2.65,3.0,0
476,107.0,0.0,0.0,0.0,189.7,76.0,32.25,156.1,65.0,13.27,244.0,91.0,10.98,8.3,3.0,2.24,5.0,0
477,62.0,0.0,0.0,0.0,186.8,94.0,31.76,207.6,92.0,17.65,195.0,98.0,8.78,8.8,4.0,2.38,3.0,0
478,41.0,0.0,0.0,0.0,207.2,138.0,35.22,214.1,83.0,18.2,193.0,105.0,8.69,11.9,4.0,3.21,1.0,0
479,34.0,0.0,1.0,14.0,151.5,100.0,25.76,248.7,126.0,21.14,199.8,120.0,8.99,10.7,5.0,2.89,2.0,0
480,27.0,0.0,0.0,0.0,227.4,67.0,38.66,248.0,115.0,21.08,61.4,109.0,2.76,7.8,6.0,2.11,1.0,1
481,122.0,0.0,1.0,30.0,230.1,108.0,39.12,287.6,76.0,24.45,177.1,85.0,7.97,6.9,3.0,1.86,2.0,0
482,54.0,0.0,0.0,0.0,247.5,85.0,42.08,225.4,93.0,19.16,244.3,132.0,10.99,10.2,2.0,2.75,2.0,0
483,122.0,0.0,0.0,0.0,141.4,128.0,24.04,146.4,70.0,12.44,123.0,75.0,5.54,8.1,4.0,2.19,0.0,0
484,91.0,1.0,0.0,0.0,151.8,115.0,25.81,103.6,116.0,8.81,156.3,86.0,7.03,12.2,4.0,3.29,1.0,0
485,148.0,1.0,0.0,0.0,218.7,111.0,37.18,155.6,133.0,13.23,277.4,62.0,12.48,8.2,5.0,2.21,1.0,0
486,67.0,0.0,1.0,41.0,174.7,86.0,29.7,160.6,93.0,13.65,155.3,108.0,6.99,13.4,1.0,3.62,0.0,0
487,124.0,0.0,0.0,0.0,169.3,108.0,28.78,178.6,91.0,15.18,242.3,82.0,10.9,12.2,3.0,3.29,1.0,0
488,100.0,1.0,0.0,0.0,107.2,98.0,18.22,86.8,122.0,7.38,156.2,117.0,7.03,9.7,4.0,2.62,1.0,0
489,68.0,1.0,1.0,24.0,125.7,92.0,21.37,275.9,98.0,23.45,214.5,108.0,9.65,14.2,6.0,3.83,3.0,1
490,144.0,0.0,1.0,38.0,105.0,86.0,17.85,121.8,123.0,10.35,221.5,122.0,9.97,3.7,4.0,1.0,0.0,0
491,160.0,0.0,0.0,0.0,206.3,66.0,35.07,241.1,109.0,20.49,227.8,102.0,10.25,11.7,6.0,3.16,0.0,0
492,115.0,0.0,0.0,0.0,268.0,115.0,45.56,153.6,106.0,13.06,232.3,65.0,10.45,17.0,1.0,4.59,3.0,0
493,130.0,0.0,0.0,0.0,132.4,81.0,22.51,200.3,110.0,17.03,202.5,103.0,9.11,6.0,1.0,1.62,2.0,1
494,84.0,0.0,0.0,0.0,289.1,100.0,49.15,233.8,97.0,19.87,223.5,148.0,10.06,12.7,2.0,3.43,2.0,0
495,99.0,0.0,0.0,0.0,238.4,96.0,40.53,246.5,130.0,20.95,198.4,117.0,8.93,12.4,4.0,3.35,3.0,1
496,106.0,0.0,1.0,30.0,220.1,105.0,37.42,222.2,109.0,18.89,158.4,96.0,7.13,13.1,8.0,3.54,0.0,0
497,39.0,0.0,0.0,0.0,187.2,110.0,31.82,114.7,116.0,9.75,104.7,83.0,4.71,13.2,5.0,3.56,1.0,0
498,114.0,0.0,0.0,0.0,203.8,85.0,34.65,87.8,110.0,7.46,166.2,122.0,7.48,11.7,4.0,3.16,1.0,0
499,116.0,0.0,0.0,0.0,51.1,106.0,8.69,208.6,137.0,17.73,198.0,92.0,8.91,12.3,3.0,3.32,1.0,0
500,52.0,0.0,0.0,0.0,124.9,131.0,21.23,300.5,118.0,25.54,192.5,106.0,8.66,11.6,4.0,3.13,2.0,0
501,89.0,0.0,0.0,0.0,115.4,99.0,19.62,209.9,115.0,17.84,280.9,112.0,12.64,15.9,6.0,4.29,3.0,1
502,101.0,0.0,0.0,0.0,70.9,123.0,12.05,211.9,73.0,18.01,236.0,73.0,10.62,10.6,3.0,2.86,3.0,0
503,94.0,0.0,0.0,0.0,157.5,97.0,26.78,224.5,112.0,19.08,310.8,106.0,13.99,11.1,6.0,3.0,0.0,0
504,113.0,0.0,1.0,39.0,209.8,77.0,35.67,164.1,90.0,13.95,159.7,100.0,7.19,9.0,4.0,2.43,1.0,0
505,108.0,0.0,0.0,0.0,112.6,86.0,19.14,114.9,101.0,9.77,177.8,119.0,8.0,7.2,6.0,1.94,3.0,0
506,60.0,0.0,0.0,0.0,207.3,77.0,35.24,207.9,105.0,17.67,108.2,89.0,4.87,12.9,5.0,3.48,1.0,0
507,111.0,0.0,1.0,35.0,161.2,142.0,27.4,159.1,104.0,13.52,167.9,98.0,7.56,14.7,5.0,3.97,1.0,0
508,42.0,0.0,1.0,31.0,170.8,101.0,29.04,233.4,104.0,19.84,174.2,121.0,7.84,11.0,3.0,2.97,2.0,0
509,60.0,1.0,1.0,37.0,189.9,125.0,32.28,110.4,107.0,9.38,210.7,115.0,9.48,9.1,5.0,2.46,3.0,0
510,178.0,0.0,0.0,0.0,179.7,112.0,30.55,276.6,91.0,23.51,169.7,101.0,7.64,10.1,7.0,2.73,3.0,0
511,77.0,0.0,1.0,36.0,172.2,88.0,29.27,161.6,112.0,13.74,259.7,115.0,11.69,11.8,4.0,3.19,2.0,0
512,73.0,0.0,0.0,0.0,195.3,97.0,33.2,96.8,89.0,8.23,243.1,84.0,10.94,16.2,13.0,4.37,1.0,1
513,106.0,0.0,1.0,22.0,218.6,83.0,37.16,244.4,70.0,20.77,132.4,99.0,5.96,9.1,6.0,2.46,1.0,0
514,57.0,0.0,0.0,0.0,155.2,99.0,26.38,214.1,98.0,18.2,241.0,64.0,10.85,7.5,7.0,2.03,1.0,0
515,117.0,0.0,0.0,0.0,198.5,75.0,33.75,179.8,92.0,15.28,234.1,119.0,10.53,10.6,6.0,2.86,0.0,0
516,132.0,0.0,0.0,0.0,200.0,104.0,34.0,149.6,101.0,12.72,137.1,110.0,6.17,18.9,2.0,5.1,1.0,0
517,113.0,1.0,0.0,0.0,122.4,98.0,20.81,223.8,116.0,19.02,267.5,148.0,12.04,11.6,5.0,3.13,3.0,0
518,128.0,0.0,0.0,0.0,102.5,87.0,17.43,177.2,97.0,15.06,226.0,119.0,10.17,8.7,5.0,2.35,1.0,0
519,84.0,0.0,0.0,0.0,274.1,119.0,46.6,144.1,123.0,12.25,268.2,100.0,12.07,9.9,5.0,2.67,2.0,0
520,92.0,0.0,0.0,0.0,87.6,89.0,14.89,172.3,133.0,14.65,153.4,88.0,6.9,8.0,4.0,2.16,1.0,0
521,119.0,0.0,1.0,37.0,168.2,81.0,28.59,283.3,105.0,24.08,243.8,136.0,10.97,10.7,3.0,2.89,1.0,0
522,118.0,0.0,0.0,0.0,256.5,115.0,43.61,135.3,79.0,11.5,208.3,131.0,9.37,7.5,5.0,2.03,0.0,0
523,117.0,0.0,0.0,0.0,240.2,110.0,40.83,187.9,65.0,15.97,152.7,102.0,6.87,7.0,19.0,1.89,3.0,0
524,57.0,0.0,0.0,0.0,234.4,120.0,39.85,155.3,120.0,13.2,130.5,103.0,5.87,9.4,4.0,2.54,1.0,0
525,33.0,0.0,1.0,33.0,221.4,110.0,37.64,276.1,86.0,23.47,222.9,102.0,10.03,10.1,4.0,2.73,1.0,0
526,110.0,1.0,0.0,0.0,135.1,99.0,22.97,227.3,123.0,19.32,176.0,110.0,7.92,13.2,4.0,3.56,1.0,1
527,145.0,0.0,0.0,0.0,170.5,101.0,28.99,206.5,112.0,17.55,194.3,106.0,8.74,9.8,1.0,2.65,3.0,0
528,113.0,0.0,1.0,28.0,264.4,93.0,44.95,222.8,79.0,18.94,213.7,88.0,9.62,10.0,4.0,2.7,1.0,1
529,170.0,0.0,1.0,34.0,125.3,128.0,21.3,240.6,104.0,20.45,243.4,109.0,10.95,7.0,3.0,1.89,3.0,1
530,101.0,0.0,0.0,0.0,164.6,85.0,27.98,204.9,72.0,17.42,136.4,104.0,6.14,11.5,5.0,3.11,0.0,0
531,96.0,0.0,1.0,26.0,126.5,108.0,21.51,123.8,114.0,10.52,308.5,98.0,13.88,13.1,6.0,3.54,2.0,0
532,131.0,0.0,0.0,0.0,195.6,93.0,33.25,245.0,100.0,20.83,104.7,97.0,4.71,13.2,6.0,3.56,2.0,0
533,130.0,0.0,1.0,22.0,173.9,90.0,29.56,234.8,86.0,19.96,121.8,79.0,5.48,8.4,5.0,2.27,1.0,0
534,143.0,1.0,0.0,0.0,186.9,98.0,31.77,196.5,110.0,16.7,215.3,104.0,9.69,12.3,3.0,3.32,4.0,0
535,114.0,1.0,0.0,0.0,115.6,93.0,19.65,163.2,78.0,13.87,251.3,104.0,11.31,9.7,1.0,2.62,2.0,1
536,57.0,0.0,1.0,36.0,244.5,94.0,41.57,161.2,113.0,13.7,184.3,105.0,8.29,9.7,3.0,2.62,1.0,0
537,97.0,0.0,0.0,0.0,164.3,106.0,27.93,182.3,97.0,15.5,183.9,93.0,8.28,12.1,2.0,3.27,1.0,0
538,144.0,0.0,1.0,38.0,276.3,149.0,46.97,252.0,112.0,21.42,132.5,85.0,5.96,8.7,3.0,2.35,1.0,0
539,97.0,0.0,1.0,32.0,172.7,79.0,29.36,217.4,101.0,18.48,260.7,88.0,11.73,11.7,5.0,3.16,1.0,0
540,150.0,0.0,1.0,29.0,235.8,91.0,40.09,202.8,84.0,17.24,246.3,81.0,11.08,11.9,4.0,3.21,1.0,0
541,17.0,0.0,1.0,30.0,280.0,101.0,47.6,258.9,85.0,22.01,230.0,130.0,10.35,10.3,2.0,2.78,3.0,0
542,101.0,0.0,0.0,0.0,229.8,97.0,39.07,217.8,133.0,18.51,243.5,53.0,10.96,8.9,2.0,2.4,1.0,0
543,163.0,0.0,0.0,0.0,241.6,102.0,41.07,138.9,100.0,11.81,148.8,129.0,6.7,9.8,6.0,2.65,1.0,0
544,176.0,0.0,1.0,31.0,167.0,93.0,28.39,174.1,128.0,14.8,155.0,124.0,6.98,10.4,4.0,2.81,3.0,0
545,66.0,0.0,0.0,0.0,241.7,112.0,41.09,251.6,78.0,21.39,105.0,82.0,4.72,11.3,2.0,3.05,2.0,0
546,136.0,0.0,0.0,0.0,88.5,112.0,15.05,279.5,98.0,23.76,278.0,69.0,12.51,7.5,12.0,2.03,1.0,0
547,93.0,0.0,0.0,0.0,214.4,112.0,36.45,261.5,97.0,22.23,280.8,112.0,12.64,14.8,3.0,4.0,0.0,0
548,126.0,0.0,0.0,0.0,152.4,94.0,25.91,166.2,91.0,14.13,199.2,84.0,8.96,10.2,1.0,2.75,1.0,0
549,149.0,0.0,0.0,0.0,194.9,108.0,33.13,187.1,102.0,15.9,174.9,168.0,7.87,8.2,4.0,2.21,4.0,0
550,62.0,0.0,0.0,0.0,166.9,76.0,28.37,223.6,113.0,19.01,188.9,87.0,8.5,14.2,5.0,3.83,1.0,0
551,48.0,0.0,1.0,26.0,192.9,60.0,32.79,179.2,87.0,15.23,185.5,137.0,8.35,18.7,7.0,5.05,0.0,0
552,90.0,0.0,1.0,22.0,187.9,121.0,31.94,209.9,101.0,17.84,256.7,102.0,11.55,10.4,5.0,2.81,2.0,0
553,177.0,0.0,1.0,21.0,234.0,108.0,39.78,238.0,61.0,20.23,201.9,125.0,9.09,8.8,4.0,2.38,0.0,0
554,25.0,1.0,0.0,0.0,211.7,51.0,35.99,225.2,74.0,19.14,197.4,95.0,8.88,12.0,3.0,3.24,0.0,0
555,82.0,1.0,1.0,41.0,116.9,74.0,19.87,228.2,115.0,19.4,251.4,89.0,11.31,9.9,8.0,2.67,1.0,0
556,89.0,0.0,0.0,0.0,215.9,106.0,36.7,211.1,89.0,17.94,252.9,106.0,11.38,8.8,4.0,2.38,0.0,0
557,41.0,0.0,0.0,0.0,208.0,83.0,35.36,199.4,110.0,16.95,173.5,91.0,7.81,14.9,3.0,4.02,1.0,0
558,166.0,0.0,0.0,0.0,156.8,100.0,26.66,171.5,93.0,14.58,149.1,97.0,6.71,11.2,10.0,3.02,1.0,0
559,68.0,0.0,0.0,0.0,172.3,135.0,29.29,190.2,93.0,16.17,297.6,84.0,13.39,10.4,2.0,2.81,1.0,0
560,184.0,0.0,0.0,0.0,167.2,133.0,28.42,162.1,123.0,13.78,156.9,81.0,7.06,9.5,4.0,2.57,1.0,0
561,68.0,0.0,0.0,0.0,172.5,115.0,29.33,221.9,126.0,18.86,170.9,98.0,7.69,6.8,8.0,1.84,4.0,0
562,130.0,0.0,0.0,0.0,289.1,79.0,49.15,150.1,106.0,12.76,163.4,98.0,7.35,13.5,4.0,3.65,1.0,1
563,151.0,0.0,1.0,31.0,240.7,102.0,40.92,106.5,96.0,9.05,195.7,128.0,8.81,10.6,2.0,2.86,2.0,0
564,127.0,1.0,0.0,0.0,220.7,100.0,37.52,170.2,89.0,14.47,278.4,73.0,12.53,15.0,4.0,4.05,3.0,1
565,160.0,0.0,0.0,0.0,237.1,126.0,40.31,238.4,127.0,20.26,181.3,100.0,8.16,10.7,8.0,2.89,2.0,0
566,144.0,0.0,0.0,0.0,97.9,119.0,16.64,171.3,88.0,14.56,169.9,83.0,7.65,7.4,4.0,2.0,0.0,0
567,45.0,1.0,1.0,40.0,179.0,114.0,30.43,272.6,99.0,23.17,67.1,80.0,3.02,10.8,3.0,2.92,3.0,1
568,111.0,0.0,0.0,0.0,165.5,72.0,28.14,228.9,73.0,19.46,169.7,103.0,7.64,9.7,6.0,2.62,2.0,0
569,167.0,1.0,0.0,0.0,143.7,108.0,24.43,75.6,111.0,6.43,217.9,99.0,9.81,9.9,4.0,2.67,0.0,0
570,88.0,0.0,0.0,0.0,166.4,97.0,28.29,186.7,118.0,15.87,251.6,89.0,11.32,14.5,4.0,3.92,0.0,0
571,23.0,0.0,0.0,0.0,155.6,122.0,26.45,223.8,82.0,19.02,50.9,130.0,2.29,10.6,3.0,2.86,4.0,0
572,151.0,0.0,0.0,0.0,175.7,91.0,29.87,152.3,127.0,12.95,140.0,88.0,6.3,10.7,10.0,2.89,1.0,0
573,138.0,0.0,0.0,0.0,216.0,106.0,36.72,207.6,110.0,17.65,180.0,102.0,8.1,11.2,4.0,3.02,0.0,0
574,114.0,0.0,0.0,0.0,326.1,119.0,55.44,161.0,105.0,13.69,220.1,129.0,9.9,11.0,3.0,2.97,1.0,1
575,154.0,0.0,0.0,0.0,283.6,115.0,48.21,181.3,103.0,15.41,306.1,60.0,13.77,8.8,5.0,2.38,0.0,1
576,91.0,0.0,0.0,0.0,167.5,77.0,28.48,175.2,113.0,14.89,233.5,85.0,10.51,16.1,5.0,4.35,2.0,0
577,88.0,0.0,0.0,0.0,143.3,97.0,24.36,170.7,81.0,14.51,195.3,89.0,8.79,11.4,5.0,3.08,2.0,0
578,15.0,1.0,0.0,0.0,224.3,85.0,38.13,166.3,79.0,14.14,187.0,117.0,8.41,11.7,3.0,3.16,1.0,0
579,43.0,0.0,0.0,0.0,184.8,114.0,31.42,130.6,131.0,11.1,175.0,69.0,7.88,8.0,9.0,2.16,0.0,0
580,53.0,0.0,0.0,0.0,100.2,85.0,17.03,213.8,90.0,18.17,299.8,67.0,13.49,7.7,4.0,2.08,3.0,0
581,116.0,0.0,0.0,0.0,215.6,127.0,36.65,105.5,110.0,8.97,291.7,80.0,13.13,11.2,7.0,3.02,3.0,0
582,162.0,1.0,0.0,0.0,147.6,126.0,25.09,284.1,84.0,24.15,170.2,87.0,7.66,8.1,7.0,2.19,0.0,0
583,142.0,0.0,0.0,0.0,245.1,66.0,41.67,144.6,109.0,12.29,227.3,112.0,10.23,3.1,4.0,0.84,1.0,0
584,169.0,0.0,0.0,0.0,135.7,111.0,23.07,223.0,124.0,18.96,167.5,101.0,7.54,9.5,4.0,2.57,1.0,0
585,158.0,0.0,1.0,22.0,192.9,86.0,32.79,219.7,104.0,18.67,169.3,92.0,7.62,10.9,3.0,2.94,2.0,0
586,103.0,0.0,1.0,29.0,211.6,111.0,35.97,237.9,84.0,20.22,209.4,93.0,9.42,14.0,7.0,3.78,2.0,0
587,63.0,0.0,0.0,0.0,81.7,105.0,13.89,203.0,66.0,17.26,181.2,109.0,8.15,12.9,3.0,3.48,2.0,0
588,40.0,0.0,0.0,0.0,146.4,105.0,24.89,196.4,143.0,16.69,235.6,123.0,10.6,9.4,3.0,2.54,3.0,0
589,117.0,0.0,0.0,0.0,234.8,118.0,39.92,211.7,112.0,17.99,147.0,97.0,6.61,7.5,3.0,2.03,2.0,0
590,128.0,0.0,0.0,0.0,140.3,108.0,23.85,235.3,111.0,20.0,200.8,57.0,9.04,11.8,6.0,3.19,1.0,0
591,111.0,0.0,1.0,33.0,168.1,97.0,28.58,204.0,88.0,17.34,260.9,97.0,11.74,15.1,3.0,4.08,1.0,0
592,167.0,0.0,1.0,30.0,195.8,118.0,33.29,166.4,109.0,14.14,297.4,84.0,13.38,11.7,2.0,3.16,0.0,0
593,54.0,0.0,0.0,0.0,230.2,89.0,39.13,148.7,110.0,12.64,255.6,139.0,11.5,8.1,3.0,2.19,4.0,0
594,115.0,0.0,1.0,30.0,181.2,65.0,30.8,193.2,62.0,16.42,153.2,92.0,6.89,9.9,6.0,2.67,2.0,0
595,112.0,0.0,0.0,0.0,105.3,101.0,17.9,187.2,92.0,15.91,206.4,101.0,9.29,11.1,2.0,3.0,4.0,0
596,94.0,0.0,0.0,0.0,208.1,72.0,35.38,188.0,79.0,15.98,162.0,96.0,7.29,4.6,5.0,1.24,2.0,0
597,87.0,0.0,0.0,0.0,156.0,70.0,26.52,160.5,89.0,13.64,206.6,112.0,9.3,7.1,3.0,1.92,4.0,0
598,11.0,0.0,0.0,0.0,136.6,111.0,23.22,80.6,78.0,6.85,201.7,77.0,9.08,9.9,4.0,2.67,0.0,0
599,192.0,0.0,0.0,0.0,174.5,83.0,29.67,232.7,102.0,19.78,101.5,68.0,4.57,12.4,4.0,3.35,1.0,0
600,124.0,0.0,0.0,0.0,192.6,108.0,32.74,223.3,106.0,18.98,187.0,84.0,8.41,4.2,2.0,1.13,1.0,1
601,97.0,0.0,0.0,0.0,164.2,97.0,27.91,232.2,85.0,19.74,198.8,118.0,8.95,6.5,3.0,1.76,1.0,1
602,93.0,1.0,0.0,0.0,172.4,133.0,29.31,205.6,77.0,17.48,245.8,126.0,11.06,9.1,9.0,2.46,1.0,0
603,103.0,0.0,0.0,0.0,205.2,74.0,34.88,200.8,97.0,17.07,251.1,94.0,11.3,11.2,1.0,3.02,1.0,0
604,75.0,0.0,0.0,0.0,192.0,106.0,32.64,140.4,97.0,11.93,190.1,94.0,8.55,7.6,5.0,2.05,2.0,0
605,70.0,0.0,0.0,0.0,156.6,82.0,26.62,193.1,112.0,16.41,179.8,108.0,8.09,12.6,1.0,3.4,1.0,0
606,84.0,1.0,1.0,18.0,136.8,114.0,23.26,200.3,110.0,17.03,199.0,86.0,8.96,8.0,4.0,2.16,3.0,0
607,129.0,0.0,0.0,0.0,52.2,93.0,8.87,128.8,117.0,10.95,141.7,63.0,6.38,9.4,12.0,2.54,1.0,0
608,38.0,0.0,0.0,0.0,228.3,129.0,38.81,141.9,83.0,12.06,268.6,116.0,12.09,9.7,3.0,2.62,2.0,0
609,170.0,0.0,0.0,0.0,215.4,94.0,36.62,138.2,97.0,11.75,237.1,117.0,10.67,12.5,5.0,3.38,1.0,0
610,72.0,0.0,0.0,0.0,153.8,64.0,26.15,304.4,106.0,25.87,185.0,125.0,8.32,8.4,5.0,2.27,1.0,0
611,111.0,1.0,0.0,0.0,159.4,47.0,27.1,269.3,53.0,22.89,179.8,103.0,8.09,13.7,2.0,3.7,2.0,1
612,98.0,1.0,0.0,0.0,172.5,118.0,29.33,198.5,107.0,16.87,230.2,105.0,10.36,12.6,3.0,3.4,1.0,0
613,94.0,0.0,0.0,0.0,229.2,103.0,38.96,163.9,133.0,13.93,190.1,67.0,8.55,7.4,6.0,2.0,3.0,0
614,82.0,0.0,1.0,33.0,247.4,106.0,42.06,167.1,110.0,14.2,207.6,113.0,9.34,6.8,1.0,1.84,5.0,0
615,102.0,0.0,1.0,29.0,158.2,132.0,26.89,250.6,47.0,21.3,219.3,86.0,9.87,15.1,4.0,4.08,1.0,0
616,103.0,0.0,1.0,22.0,219.0,126.0,37.23,311.9,126.0,26.51,197.0,112.0,8.87,9.0,8.0,2.43,3.0,0
617,156.0,0.0,0.0,0.0,81.7,133.0,13.89,242.5,117.0,20.61,203.8,112.0,9.17,12.3,6.0,3.32,3.0,0
618,109.0,1.0,0.0,0.0,186.5,106.0,31.71,190.3,103.0,16.18,168.5,128.0,7.58,10.5,6.0,2.84,2.0,0
619,117.0,0.0,0.0,0.0,185.6,115.0,31.55,174.8,83.0,14.86,188.2,122.0,8.47,6.7,4.0,1.81,4.0,0
620,26.0,0.0,0.0,0.0,83.2,93.0,14.14,199.5,64.0,16.96,242.6,112.0,10.92,10.7,4.0,2.89,1.0,0
621,121.0,0.0,0.0,0.0,123.6,113.0,21.01,229.4,85.0,19.5,242.9,97.0,10.93,10.3,4.0,2.78,0.0,0
622,185.0,0.0,0.0,0.0,158.5,93.0,26.95,294.7,69.0,25.05,146.2,116.0,6.58,16.6,3.0,4.48,0.0,0
623,103.0,0.0,1.0,40.0,140.3,52.0,23.85,245.6,114.0,20.88,111.7,86.0,5.03,11.1,6.0,3.0,1.0,0
624,76.0,0.0,0.0,0.0,156.3,117.0,26.57,115.7,53.0,9.83,316.4,121.0,14.24,6.8,4.0,1.84,1.0,0
625,69.0,0.0,0.0,0.0,198.8,141.0,33.8,203.7,110.0,17.31,177.1,109.0,7.97,15.2,2.0,4.1,4.0,0
626,53.0,0.0,0.0,0.0,198.3,100.0,33.71,304.2,93.0,25.86,131.5,85.0,5.92,9.2,5.0,2.48,2.0,0
627,138.0,0.0,1.0,12.0,114.5,100.0,19.47,175.1,130.0,14.88,112.7,85.0,5.07,7.8,5.0,2.11,0.0,0
628,116.0,0.0,0.0,0.0,154.0,127.0,26.18,280.4,68.0,23.83,213.0,56.0,9.58,8.6,2.0,2.32,6.0,1
629,49.0,0.0,0.0,0.0,101.7,71.0,17.29,223.2,102.0,18.97,182.1,112.0,8.19,7.3,3.0,1.97,3.0,0
630,118.0,0.0,0.0,0.0,142.2,96.0,24.17,164.9,107.0,14.02,183.7,92.0,8.27,7.1,4.0,1.92,1.0,0
631,67.0,0.0,0.0,0.0,164.5,79.0,27.97,110.3,108.0,9.38,203.9,102.0,9.18,9.8,2.0,2.65,1.0,0
632,131.0,0.0,0.0,0.0,131.3,39.0,22.32,242.9,101.0,20.65,278.8,100.0,12.55,8.5,2.0,2.3,2.0,1
633,100.0,0.0,0.0,0.0,167.2,100.0,28.42,141.2,87.0,12.0,251.3,76.0,11.31,6.1,6.0,1.65,3.0,0
634,122.0,0.0,0.0,0.0,184.6,88.0,31.38,148.8,98.0,12.65,309.7,58.0,13.94,14.3,2.0,3.86,3.0,0
635,4.0,1.0,0.0,0.0,169.7,96.0,28.85,131.8,94.0,11.2,245.1,86.0,11.03,14.2,4.0,3.83,0.0,1
636,31.0,0.0,0.0,0.0,224.5,96.0,38.17,191.2,72.0,16.25,214.5,100.0,9.65,9.1,1.0,2.46,2.0,0
637,114.0,0.0,0.0,0.0,247.8,95.0,42.13,255.1,98.0,21.68,224.1,105.0,10.08,9.5,6.0,2.57,1.0,1
638,149.0,0.0,0.0,0.0,244.2,83.0,41.51,262.0,72.0,22.27,144.5,113.0,6.5,7.0,4.0,1.89,1.0,0
639,86.0,0.0,0.0,0.0,178.3,94.0,30.31,264.4,74.0,22.47,284.6,109.0,12.81,15.0,2.0,4.05,0.0,0
640,141.0,0.0,0.0,0.0,215.8,79.0,36.69,112.7,85.0,9.58,221.8,109.0,9.98,5.6,4.0,1.51,2.0,0
641,127.0,0.0,0.0,0.0,264.5,75.0,44.97,179.2,91.0,15.23,141.9,93.0,6.39,8.0,1.0,2.16,1.0,0
642,131.0,0.0,0.0,0.0,212.8,108.0,36.18,212.0,115.0,18.02,235.9,96.0,10.62,9.8,11.0,2.65,0.0,0
643,124.0,1.0,1.0,29.0,187.1,75.0,31.81,148.5,142.0,12.62,214.4,124.0,9.65,5.5,7.0,1.49,2.0,0
644,148.0,0.0,0.0,0.0,236.5,84.0,40.21,236.0,95.0,20.06,228.6,124.0,10.29,8.3,6.0,2.24,2.0,0
645,72.0,1.0,0.0,0.0,286.1,101.0,48.64,306.1,94.0,26.02,232.8,89.0,10.48,10.3,1.0,2.78,4.0,1
646,97.0,0.0,0.0,0.0,80.7,99.0,13.72,262.3,93.0,22.3,214.6,130.0,9.66,8.8,3.0,2.38,0.0,0
647,59.0,0.0,0.0,0.0,155.5,92.0,26.44,192.3,104.0,16.35,123.3,106.0,5.55,10.5,3.0,2.84,4.0,0
648,112.0,0.0,0.0,0.0,242.1,69.0,41.16,235.2,150.0,19.99,237.7,106.0,10.7,10.0,5.0,2.7,3.0,0
649,126.0,0.0,0.0,0.0,175.6,91.0,29.85,151.1,100.0,12.84,201.5,100.0,9.07,9.9,2.0,2.67,1.0,0
650,91.0,1.0,0.0,0.0,103.2,100.0,17.54,124.8,154.0,10.61,336.1,111.0,15.12,14.0,4.0,3.78,2.0,1
651,109.0,0.0,1.0,40.0,99.7,116.0,16.95,140.3,117.0,11.93,221.3,76.0,9.96,13.9,5.0,3.75,3.0,0
652,77.0,0.0,0.0,0.0,136.5,95.0,23.21,182.6,102.0,15.52,233.6,93.0,10.51,9.9,10.0,2.67,1.0,0
653,133.0,0.0,1.0,24.0,125.5,106.0,21.34,161.2,95.0,13.7,209.1,112.0,9.41,15.0,4.0,4.05,2.0,0
654,238.0,0.0,0.0,0.0,202.0,60.0,34.34,213.9,105.0,18.18,266.4,90.0,11.99,12.0,1.0,3.24,2.0,0
655,120.0,0.0,0.0,0.0,174.1,108.0,29.6,209.6,96.0,17.82,267.5,99.0,12.04,11.6,2.0,3.13,0.0,0
656,132.0,0.0,0.0,0.0,213.6,125.0,36.31,133.9,54.0,11.38,332.2,104.0,14.95,7.5,2.0,2.03,4.0,0
657,78.0,1.0,0.0,0.0,198.9,93.0,33.81,210.6,86.0,17.9,252.1,99.0,11.34,14.4,12.0,3.89,0.0,1
658,123.0,0.0,1.0,38.0,202.3,104.0,34.39,292.4,105.0,24.85,239.3,63.0,10.77,11.2,1.0,3.02,3.0,0
659,131.0,0.0,0.0,0.0,227.7,134.0,38.71,162.7,88.0,13.83,279.4,90.0,12.57,8.9,7.0,2.4,4.0,0
660,39.0,0.0,0.0,0.0,179.0,88.0,30.43,148.2,124.0,12.6,146.8,116.0,6.61,8.8,4.0,2.38,2.0,0
661,95.0,0.0,0.0,0.0,226.6,98.0,38.52,88.5,107.0,7.52,166.2,105.0,7.48,11.9,3.0,3.21,2.0,0
662,82.0,0.0,0.0,0.0,313.6,110.0,53.31,263.2,104.0,22.37,139.0,93.0,6.26,7.5,5.0,2.03,1.0,1
663,78.0,0.0,0.0,0.0,238.9,96.0,40.61,196.1,92.0,16.67,102.4,95.0,4.61,11.0,1.0,2.97,6.0,0
664,109.0,0.0,0.0,0.0,101.8,105.0,17.31,348.9,107.0,29.66,233.2,150.0,10.49,7.5,5.0,2.03,1.0,0
665,106.0,0.0,0.0,0.0,170.6,116.0,29.0,259.1,115.0,22.02,214.2,111.0,9.64,9.6,13.0,2.59,1.0,0
666,148.0,1.0,0.0,0.0,136.8,112.0,23.26,197.5,134.0,16.79,93.2,90.0,4.19,10.3,5.0,2.78,2.0,0
667,141.0,0.0,1.0,43.0,157.8,122.0,26.83,132.3,108.0,11.25,137.1,81.0,6.17,5.6,2.0,1.51,2.0,0
668,60.0,0.0,1.0,31.0,223.6,83.0,38.01,235.6,77.0,20.03,153.0,119.0,6.89,4.7,8.0,1.27,4.0,0
669,90.0,0.0,0.0,0.0,189.1,104.0,32.15,313.9,124.0,26.68,227.9,128.0,10.26,8.2,2.0,2.21,1.0,0
670,233.0,0.0,0.0,0.0,137.3,94.0,23.34,232.4,87.0,19.75,206.0,105.0,9.27,9.8,4.0,2.65,1.0,0
671,111.0,0.0,0.0,0.0,226.3,82.0,38.47,178.9,101.0,15.21,181.5,90.0,8.17,8.9,4.0,2.4,0.0,1
672,55.0,0.0,1.0,33.0,141.0,99.0,23.97,250.9,109.0,21.33,284.6,89.0,12.81,11.7,3.0,3.16,0.0,1
673,86.0,0.0,0.0,0.0,118.6,106.0,20.16,223.5,115.0,19.0,94.7,12.0,4.26,13.3,1.0,3.59,2.0,0
674,76.0,0.0,1.0,40.0,177.9,85.0,30.24,119.3,95.0,10.14,140.5,83.0,6.32,10.3,1.0,2.78,2.0,0
675,67.0,0.0,0.0,0.0,177.4,102.0,30.16,215.2,123.0,18.29,132.4,120.0,5.96,6.6,4.0,1.78,4.0,0
676,116.0,0.0,1.0,42.0,280.4,95.0,47.67,174.4,101.0,14.82,190.0,65.0,8.55,9.9,1.0,2.67,3.0,0
677,19.0,0.0,0.0,0.0,184.5,131.0,31.37,201.3,87.0,17.11,188.9,114.0,8.5,13.1,10.0,3.54,1.0,0
678,104.0,0.0,0.0,0.0,185.1,91.0,31.47,227.3,115.0,19.32,198.5,79.0,8.93,12.7,10.0,3.43,2.0,0
679,140.0,0.0,0.0,0.0,151.5,106.0,25.76,175.7,125.0,14.93,214.1,87.0,9.63,12.4,9.0,3.35,3.0,0
680,62.0,0.0,0.0,0.0,211.3,100.0,35.92,228.4,91.0,19.41,217.1,77.0,9.77,6.3,5.0,1.7,0.0,0
681,119.0,0.0,0.0,0.0,209.4,125.0,35.6,286.3,91.0,24.34,208.6,73.0,9.39,8.1,4.0,2.19,2.0,0
682,126.0,0.0,0.0,0.0,261.6,83.0,44.47,192.9,133.0,16.4,246.9,50.0,11.11,7.3,3.0,1.97,4.0,0
683,81.0,0.0,0.0,0.0,165.2,109.0,28.08,170.6,96.0,14.5,205.0,74.0,9.23,9.9,4.0,2.67,0.0,0
684,47.0,1.0,0.0,0.0,135.0,108.0,22.95,176.3,111.0,14.99,144.6,96.0,6.51,10.5,1.0,2.84,1.0,1
685,128.0,0.0,0.0,0.0,221.0,109.0,37.57,219.0,107.0,18.62,229.4,113.0,10.32,8.6,5.0,2.32,3.0,0
686,123.0,0.0,0.0,0.0,132.6,100.0,22.54,198.8,102.0,16.9,168.9,105.0,7.6,0.0,0.0,0.0,1.0,1
687,84.0,0.0,0.0,0.0,127.7,81.0,21.71,188.4,84.0,16.01,260.0,125.0,11.7,4.7,6.0,1.27,1.0,0
688,124.0,0.0,0.0,0.0,234.2,110.0,39.81,199.0,121.0,16.92,246.4,135.0,11.09,7.1,4.0,1.92,0.0,0
689,162.0,0.0,0.0,0.0,221.9,66.0,37.72,112.7,109.0,9.58,176.5,141.0,7.94,10.7,6.0,2.89,1.0,0
690,82.0,0.0,1.0,23.0,249.4,117.0,42.4,195.8,100.0,16.64,162.2,94.0,7.3,12.3,2.0,3.32,1.0,0
691,158.0,1.0,0.0,0.0,200.0,98.0,34.0,205.4,106.0,17.46,323.7,96.0,14.57,8.9,2.0,2.4,0.0,0
692,46.0,1.0,1.0,27.0,170.9,73.0,29.05,184.7,77.0,15.7,130.8,94.0,5.89,6.1,7.0,1.65,2.0,0
693,33.0,0.0,0.0,0.0,200.5,117.0,34.09,159.9,111.0,13.59,196.2,84.0,8.83,16.3,6.0,4.4,3.0,0
694,76.0,0.0,0.0,0.0,168.4,74.0,28.63,161.0,83.0,13.69,147.4,117.0,6.63,8.0,4.0,2.16,1.0,0
695,67.0,0.0,1.0,33.0,127.5,126.0,21.68,296.1,129.0,25.17,200.9,91.0,9.04,13.0,3.0,3.51,1.0,0
696,43.0,0.0,0.0,0.0,203.5,125.0,34.6,116.4,92.0,9.89,184.4,118.0,8.3,13.6,5.0,3.67,1.0,0
697,102.0,1.0,0.0,0.0,78.4,117.0,13.33,214.7,113.0,18.25,119.5,75.0,5.38,7.2,5.0,1.94,0.0,0
698,136.0,1.0,1.0,22.0,160.3,115.0,27.25,273.2,88.0,23.22,203.2,89.0,9.14,11.7,2.0,3.16,0.0,0
699,91.0,0.0,0.0,0.0,172.5,56.0,29.33,276.5,70.0,23.5,180.9,90.0,8.14,6.9,2.0,1.86,3.0,0
700,67.0,0.0,0.0,0.0,166.6,102.0,28.32,226.3,110.0,19.24,147.2,121.0,6.62,9.1,6.0,2.46,3.0,0
701,43.0,0.0,1.0,24.0,207.0,109.0,35.19,181.7,100.0,15.44,148.7,111.0,6.69,5.7,6.0,1.54,1.0,1
702,71.0,0.0,1.0,27.0,151.2,118.0,25.7,228.0,82.0,19.38,169.8,113.0,7.64,5.6,17.0,1.51,0.0,1
703,124.0,0.0,0.0,0.0,178.8,64.0,30.4,226.0,118.0,19.21,240.5,89.0,10.82,5.5,4.0,1.49,2.0,1
704,172.0,0.0,0.0,0.0,136.0,90.0,23.12,184.0,89.0,15.64,137.5,48.0,6.19,5.5,3.0,1.49,0.0,1
705,120.0,0.0,0.0,0.0,169.0,87.0,28.73,111.1,93.0,9.44,118.7,102.0,5.34,12.2,3.0,3.29,3.0,0
706,105.0,0.0,0.0,0.0,104.2,75.0,17.71,272.9,91.0,23.2,187.2,107.0,8.42,9.2,2.0,2.48,1.0,0
707,122.0,0.0,0.0,0.0,273.8,94.0,46.55,237.1,131.0,20.15,295.9,89.0,13.32,10.4,2.0,2.81,3.0,1
708,152.0,0.0,0.0,0.0,142.8,106.0,24.28,230.5,87.0,19.59,212.8,74.0,9.58,7.2,8.0,1.94,0.0,0
709,60.0,0.0,1.0,43.0,179.9,100.0,30.58,245.1,71.0,20.83,225.7,114.0,10.16,11.4,4.0,3.08,2.0,0
710,51.0,0.0,0.0,0.0,86.4,102.0,14.69,202.1,113.0,17.18,113.0,84.0,5.09,11.9,6.0,3.21,2.0,0
711,39.0,0.0,0.0,0.0,196.2,105.0,33.35,306.8,111.0,26.08,201.5,110.0,9.07,6.9,11.0,1.86,0.0,0
712,126.0,0.0,0.0,0.0,97.0,96.0,16.49,213.1,79.0,18.11,322.2,79.0,14.5,10.8,3.0,2.92,5.0,0
713,148.0,0.0,0.0,0.0,168.7,125.0,28.68,208.5,79.0,17.72,184.1,86.0,8.28,6.8,6.0,1.84,2.0,0
714,84.0,0.0,0.0,0.0,172.3,92.0,29.29,224.2,96.0,19.06,223.4,100.0,10.05,9.7,1.0,2.62,2.0,0
715,67.0,0.0,0.0,0.0,144.7,91.0,24.6,219.6,106.0,18.67,233.5,98.0,10.51,12.6,8.0,3.4,1.0,0
716,104.0,0.0,1.0,44.0,163.2,69.0,27.74,271.7,107.0,23.09,175.6,109.0,7.9,9.9,2.0,2.67,3.0,0
717,76.0,0.0,1.0,17.0,234.9,111.0,39.93,255.4,143.0,21.71,194.6,80.0,8.76,15.4,3.0,4.16,1.0,0
718,69.0,0.0,1.0,33.0,170.2,113.0,28.93,192.4,69.0,16.35,112.0,108.0,5.04,13.0,1.0,3.51,2.0,0
719,126.0,0.0,0.0,0.0,284.0,92.0,48.28,199.7,78.0,16.97,203.4,141.0,9.15,6.6,2.0,1.78,1.0,0
720,103.0,0.0,0.0,0.0,170.6,79.0,29.0,144.8,126.0,12.31,193.6,102.0,8.71,6.0,3.0,1.62,0.0,0
721,121.0,0.0,0.0,0.0,203.9,126.0,34.66,267.3,107.0,22.72,221.9,72.0,9.99,10.5,2.0,2.84,3.0,0
722,56.0,0.0,0.0,0.0,245.5,39.0,41.74,231.8,116.0,19.7,156.9,68.0,7.06,10.1,10.0,2.73,5.0,0
723,96.0,0.0,1.0,28.0,66.6,147.0,11.32,297.0,121.0,25.25,144.2,106.0,6.49,13.0,3.0,3.51,2.0,0
724,90.0,0.0,1.0,32.0,194.0,83.0,32.98,151.7,111.0,12.89,205.8,111.0,9.26,9.3,4.0,2.51,1.0,0
725,112.0,0.0,0.0,0.0,136.1,95.0,23.14,163.8,111.0,13.92,157.2,118.0,7.07,8.9,5.0,2.4,1.0,0
726,14.0,0.0,0.0,0.0,271.9,104.0,46.22,171.4,104.0,14.57,239.2,111.0,10.76,13.8,4.0,3.73,2.0,0
727,95.0,0.0,1.0,44.0,173.3,114.0,29.46,152.3,78.0,12.95,144.4,118.0,6.5,12.3,3.0,3.32,2.0,0
728,78.0,0.0,1.0,28.0,246.0,136.0,41.82,147.5,99.0,12.54,118.8,99.0,5.35,4.0,2.0,1.08,2.0,0
729,122.0,0.0,0.0,0.0,216.5,60.0,36.81,250.3,140.0,21.28,247.0,99.0,11.12,5.7,6.0,1.54,2.0,1
730,85.0,0.0,0.0,0.0,187.0,95.0,31.79,163.6,136.0,13.91,212.3,105.0,9.55,7.9,2.0,2.13,2.0,0
731,52.0,1.0,1.0,27.0,207.5,92.0,35.28,182.8,92.0,15.54,189.0,68.0,8.5,9.8,3.0,2.65,2.0,0
732,136.0,0.0,0.0,0.0,232.9,119.0,39.59,191.0,103.0,16.24,222.5,59.0,10.01,10.7,3.0,2.89,0.0,0
733,139.0,0.0,0.0,0.0,201.8,121.0,34.31,238.6,89.0,20.28,174.1,151.0,7.83,13.5,4.0,3.65,1.0,0
734,122.0,0.0,0.0,0.0,265.7,130.0,45.17,47.3,116.0,4.02,140.3,103.0,6.31,8.7,1.0,2.35,3.0,0
735,155.0,0.0,0.0,0.0,281.6,103.0,47.87,152.7,82.0,12.98,196.8,86.0,8.86,7.4,3.0,2.0,2.0,1
736,152.0,0.0,0.0,0.0,298.1,113.0,50.68,228.0,119.0,19.38,228.1,98.0,10.26,8.2,4.0,2.21,4.0,0
737,71.0,0.0,0.0,0.0,232.7,97.0,39.56,208.2,85.0,17.7,194.3,113.0,8.74,10.2,7.0,2.75,1.0,0
738,110.0,0.0,0.0,0.0,272.5,113.0,46.33,288.9,113.0,24.56,172.4,96.0,7.76,10.1,5.0,2.73,2.0,1
739,109.0,0.0,0.0,0.0,136.2,103.0,23.15,177.8,132.0,15.11,263.4,135.0,11.85,8.3,3.0,2.24,1.0,0
740,122.0,0.0,0.0,0.0,189.9,87.0,32.28,193.9,118.0,16.48,177.4,114.0,7.98,15.6,2.0,4.21,0.0,0
741,121.0,0.0,0.0,0.0,245.9,113.0,41.8,210.8,94.0,17.92,187.9,108.0,8.46,10.4,8.0,2.81,1.0,0
742,41.0,0.0,1.0,43.0,158.9,96.0,27.01,280.4,117.0,23.83,216.5,97.0,9.74,10.8,4.0,2.92,2.0,0
743,102.0,0.0,0.0,0.0,145.8,59.0,24.79,223.1,109.0,18.96,219.2,104.0,9.86,9.8,3.0,2.65,0.0,0
744,73.0,0.0,0.0,0.0,184.7,109.0,31.4,161.3,108.0,13.71,148.8,103.0,6.7,11.3,4.0,3.05,2.0,0
745,130.0,0.0,0.0,0.0,119.4,99.0,20.3,226.3,97.0,19.24,202.7,111.0,9.12,11.3,7.0,3.05,0.0,0
746,73.0,0.0,0.0,0.0,177.2,118.0,30.12,270.5,84.0,22.99,241.8,112.0,10.88,12.3,2.0,3.32,3.0,0
747,152.0,0.0,0.0,0.0,184.2,90.0,31.31,256.8,73.0,21.83,213.6,113.0,9.61,14.7,2.0,3.97,3.0,0
748,61.0,0.0,0.0,0.0,140.6,89.0,23.9,172.8,128.0,14.69,212.4,97.0,9.56,13.6,4.0,3.67,1.0,0
749,109.0,0.0,0.0,0.0,188.8,67.0,32.1,171.7,92.0,14.59,224.4,89.0,10.1,8.5,6.0,2.3,0.0,0
